抖音主播,服装/纺织/皮革,美妙商贸（苏州）有限公司,中技/中专,8千-1万,1年,常熟
面包烘焙师,快速消费品(食品、饮料、化妆品),河北石门鲜坊食品有限公司,高中,4-8千,2年,石家庄
新能源汽车销售顾问,通信/电信/网络设备,黄石天诚信息科技有限责任公司,大专,5千-1万,1年,黄石
周大生珠宝销售导购,奢侈品/收藏品/工艺品/珠宝,武汉市东湖新技术开发区大生珠宝店,,5千-1万·13薪,2年,武汉
电话销售-企业微信授权代表,检测，认证,保定融沃企业管理咨询有限公司,中技/中专,8千-1.6万,无需经验,保定
电话客服专员,医疗设备/器械,四川精晶科技发展有限责任公司,大专,3.5-7千,无需经验,成都
运营助理,互联网/电子商务,厦门鸿瑞鑫盛电子商务有限公司,大专,5-8千,无需经验,厦门
奔驰销售顾问-永康利之星,汽车,永康利之星汽车销售服务有限公司,大专,8千-1.6万,1年,金华
商务司机,机械/设备/重工,九江消防装备有限公司,高中,5-6千,3-4年,九江
贝壳找房大平台招聘置业顾问,中介服务,宜宾念正美营销策划有限公司,中技/中专,5千-1万,2年,宜宾
总经理秘书,贸易/进出口,佛山市南海区林品贸易咨询有限公司,本科,6-8千,2年,佛山
喷粉技工,原材料和加工,宁德聚能动力电源系统技术有限公司,,7千-1万,2年,宁德
外贸助理,服装/纺织/皮革,常州缯彩纺织品有限公司,大专,4.5-7千,5-7年,常州
贝壳找房大平台&房产销售,中介服务,宜宾念正美营销策划有限公司,中技/中专,4-8千,1年,宜宾
产品工程师+五险一金+双休,电子技术/半导体/集成电路,新美亚电路( 无锡) 有限公司,本科,8千-1.5万·13薪,5-7年,无锡
副总裁助理,制药/生物工程,丽珠医药集团股份有限公司,本科,1.5-2万,3-4年,深圳
OA系统工程师,机械/设备/重工,锐奇控股股份有限公司,大专,8千-1.2万,3-4年,上海
外贸业务跟单主管,服装/纺织/皮革,广州可妮服饰有限公司,大专,9千-1.4万,3-4年,广州
物业管家,物业管理/商业中心,西安锦江物业服务有限公司,高中,2.6-4.5千·13薪,无需经验,咸阳
精神学术经理,制药/生物工程,丽珠医药集团股份有限公司,本科,20-30万/年,3-4年,北京
叉车司机,交通/运输/物流,广州能创物流有限公司,高中,5.5-8千,2年,广州
法务主管,物业管理/商业中心,上海东津投资发展有限公司,本科,1.5-2万·13薪,5-7年,上海
软件工程师（换电柜产品）,通信/电信/网络设备,广东通宇通讯股份有限公司,硕士,1.5-2.2万·14薪,3-4年,中山
抖音运营,服装/纺织/皮革,上海蔓秋服饰有限公司,大专,6千-1万,2年,上海
产品文案策划,快速消费品(食品、饮料、化妆品),广州市卓多姿化妆品有限公司,大专,3-6千,2年,广州
留学申请顾问,专业服务(咨询、人力资源、财会),北京新东方前途出国咨询有限公司合肥分公司,本科,5-8千,2年,合肥
法医临床鉴定人,检测，认证,四川中信司法鉴定中心,本科,4.5-6千,5-7年,成都
机电安装总监,房地产,南京德盈龙华置业有限公司,大专,2-2.5万,10年以上,南京
化妆品备案专员,快速消费品(食品、饮料、化妆品),广州市卓多姿化妆品有限公司,大专,4-5.5千,2年,广州
客服文员,生活服务,广东中科沉香科技有限公司,中技/中专,3.5-4千,1年,东莞
QA/QS/验货员/技师(安全鞋）,贸易/进出口,东莞葛天那鞋袋制造有限公司,中技/中专,1-2万,10年以上,东莞
售前技术支持工程师,电气/电力/水利,河南四达电力设备股份有限公司,本科,4-6千,1年,许昌
市场主管,教育/培训/院校,深圳市南山区道新学校,大专,20-25万/年,1年,深圳
焊接工程师,汽车,上海敏孚汽车饰件有限公司,大专,1.2-1.8万,5-7年,上海
ME技术员,电子技术/半导体/集成电路,深圳市杉川机器人有限公司,中技/中专,6-8千,1年,深圳
安环主管,建筑/建材/工程,浙江诺盾消防科技有限公司,大专,8千-1.2万,3-4年,绍兴
激光切割机技术工程师,机械/设备/重工,苏州海奕激光科技有限公司,大专,7-8.5千·13薪,2年,苏州
物业管家（公寓/五险一金）,物业管理/商业中心,江苏安邦物业服务集团股份有限公司佛山分公司,大专,5.5-7千,2年,佛山
特肥销售大区总监,农/林/牧/渔,广西多得乐生物科技有限公司,大专,8千-1.2万,2年,南宁
服务顾问-西安灞桥保时捷,汽车,西安捷众汽车销售服务有限公司,大专,1.5-2.5万,3-4年,西安
设计师,服装/纺织/皮革,广州柳乐服饰有限公司,大专,6千-1.2万,3-4年,广州
医药推广专员（应届生优先）,制药/生物工程,丽珠医药集团股份有限公司,大专,5-7千,无需经验,大连
外贸跟单员,服装/纺织/皮革,广州可妮服饰有限公司,大专,6千-1万,3-4年,广州
机械工程师,机械/设备/重工,广州捷晟自动化控制设备有限公司,本科,1.2-2.4万,3-4年,广州
新梯销售主管,房地产,日立电梯（中国）有限公司杭州工程有限公司,大专,1.3-2.5万·13薪,3-4年,台州
仓库管理员,电子技术/半导体/集成电路,宁波粒上光电有限公司,高中,4-4.5千,2年,宁波
项目总经理/物流经理,交通/运输/物流,四川省巴蜀物流集团有限公司,大专,1.5-2.5万,8-9年,钦州
销售代表,机械/设备/重工,艾佩达电子通信设备（上海）有限公司,大专,1-1.5万,1年,上海
速冻调理生产总监（桂花马蹄等马蹄系列产品）,贸易/进出口,海南景领国际贸易有限公司,大专,1.5-2万·13薪,5-7年,桂林
NPI项目工程师,计算机硬件,深圳市安卫普科技有限公司,本科,1.2-1.6万·13薪,3-4年,深圳
操作员/包装工/灌装工/普工,快速消费品(食品、饮料、化妆品),润本生物技术股份有限公司,,4-6千,1年,广州
产品摄像师,贸易/进出口,摩米士科技（深圳）有限公司,大专,1.3-1.5万,3-4年,深圳
区域销售经理（交换机/智能运维箱）,通信/电信/网络设备,深圳市巨联高科技有限公司,大专,8千-1.6万,3-4年,深圳
土建工程师,物业管理/商业中心,上海东津投资发展有限公司,本科,1.5-2万,5-7年,上海
土建项目经理,建筑/建材/工程,江西中昌建设工程有限公司,大专,2-3万,10年以上,南昌
销售外呼（华星奔驰武侯店）,汽车,华星锦业集团有限公司,高中,6千-1.2万,无需经验,成都
外贸业务员,家具/家电/玩具/礼品,广东力丰电器有限公司,大专,8千-1.5万,3-4年,惠州
采购主管/经理,多元化业务集团公司,深圳市神州通投资集团有限公司,本科,1.2-2万,5-7年,深圳
法务经理,建筑/建材/工程,江西中昌建设工程有限公司,本科,1.5-1.8万,5-7年,南昌
Factory Auditor 验厂员,贸易/进出口,本泽商贸（上海）有限公司,大专,9千-1.5万·13薪,1年,上海
车间领班,机械/设备/重工,宁波市旭马吊索工具有限公司,,5-8千,3-4年,宁波
焊接技术员,电子技术/半导体/集成电路,深圳市华普微电子股份有限公司,大专,6.5-7.5千·13薪,2年,深圳
客户经理,建筑/建材/工程,广州鹏基装饰涂料有限公司,高中,8千-1万,3-4年,广州
维护技术员,汽车,艾默林汽车活动组件（无锡）有限公司,中技/中专,6-8千·13薪,3-4年,无锡
视频拍摄&视频剪辑（急聘）,教育/培训/院校,云南弘益职业培训学校有限公司,大专,5千-1万,1年,昆明
普工操作工/开机操作工,快速消费品(食品、饮料、化妆品),上海根莱食品有限公司,高中,5.5-7千,1年,上海
物流跟单员,电子技术/半导体/集成电路,深圳市数码龙电子有限公司,大专,6-8千,1年,深圳
出纳,房地产,四川华夏新财富商业管理有限公司,大专,4-7千,2年,成都
淘宝客服,机械/设备/重工,上海三克激光科技有限公司,大专,6千-1万·13薪,2年,上海
品质工程师,机械/设备/重工,广东美特机械有限公司,大专,7千-1万,3-4年,佛山
小米/华为店员,互联网/电子商务,都比比(江苏)网络信息技术有限公司,高中,6-9千,1年,南京
销售工程师（涂料油墨胶粘剂原料）,贸易/进出口,广州市龙慧贸易有限公司,大专,5千-1万,1年,广州
培训技术员,快速消费品(食品、饮料、化妆品),卓高泰（广州）材料科技有限公司,中技/中专,6-7千,无需经验,嘉兴
公司领导司机,房地产,陕西宏奥实业发展有限公司泾阳分公司,高中,3.5-4千,1年,西安
投资经理,多元化业务集团公司,嘉兴长三角创新投资集团有限公司,硕士,15-25万/年,3-4年,嘉兴
高压电工,快速消费品(食品、饮料、化妆品),上海芝享食品科技有限公司,中技/中专,1-1.1万,3-4年,上海
DHL物流销售/国际货代/高提成,交通/运输/物流,深圳市泰嘉物流有限公司,大专,5千-1万·13薪,1年,深圳
江西福建省区经理,快速消费品(食品、饮料、化妆品),广州昕润生物科技有限公司,高中,6千-1万,5-7年,广州
CNC调机技术员,仪器仪表/工业自动化,深圳市默孚龙科技有限公司,,8千-1万,3-4年,东莞
销售代表,原材料和加工,广东红日星实业有限公司,高中,6千-1.2万,1年,昆山
免税店酒类导购,广告,上海中智营销服务有限公司,中技/中专,8千-1万,无需经验,北京
投标资料员,计算机软件,四川耀南电子有限公司,大专,5-7千,2年,绵阳
体系工程师,机械/设备/重工,珠海蓝图运动科技股份有限公司,大专,6千-1万·13薪,3-4年,珠海
销售经理,医疗设备/器械,江苏赛康医疗设备股份有限公司,大专,8千-1.4万,2年,上海
销售经理,交通/运输/物流,上海大田国际货运有限公司,大专,1-2万,5-7年,上海
项目经理,计算机软件,四川耀南电子有限公司,大专,6千-1.2万,2年,绵阳
汽车用品销售龙华,汽车零配件,深圳市美富实业发展有限公司,高中,8千-1.6万,1年,深圳
苏州租售负责人,中介服务,浙江幸福绿城房地产经纪有限公司,大专,1-1.5万,5-7年,苏州
OTC省区经理,制药/生物工程,丽珠医药集团股份有限公司,大专,1-1.5万,3-4年,广东省
电气工程师（半导体方向）,学术/科研,武汉数字化设计与制造创新中心有限公司,本科,1.2-1.8万·15薪,3-4年,武汉
项目工程师,机械/设备/重工,锐奇控股股份有限公司,本科,1-1.5万,3-4年,上海
房产经纪人,中介服务,浙江幸福绿城房地产经纪有限公司,大专,3-6千,1年,苏州
医药销售经理,制药/生物工程,丽珠医药集团股份有限公司,大专,1-1.5万,3-4年,大连
机械工程师,学术/科研,武汉数字化设计与制造创新中心有限公司,本科,1-1.2万,5-7年,武汉
区域销售经理（高薪诚聘）,仪器仪表/工业自动化,广州铂高标识技术有限公司,大专,15-30万/年,3-4年,广州
外贸跟单员,服装/纺织/皮革,广州可妮服饰有限公司,大专,6千-1万,3-4年,广州
华东区域经理,制药/生物工程,丽珠医药集团股份有限公司,大专,2-3万,5-7年,上海
劲牌产品大客户经理,快速消费品(食品、饮料、化妆品),武汉市劲德广商贸有限公司,大专,8千-1.2万,1年,武汉
谈判公关,物业管理/商业中心,云南永旺市场管理股份有限公司,本科,6-8千,3-4年,昆明
销售工程师（工作地：北京）,制药/生物工程,上海安净生物技术有限公司,大专,6千-1万,无需经验,北京
销售经理,原材料和加工,上海高恒材料科技有限公司,大专,25-37万/年,3-4年,惠州
项目工程师,汽车零配件,广州富强尔汽车科技有限公司,大专,5-8千,无需经验,佛山
数通售前工程师,计算机软件,宁波远古超传科技有限公司,本科,1-2万·13薪,3-4年,宁波
物业工程维修,物业管理/商业中心,四川滨江鼎信物业服务有限公司成都分公司,高中,4.5-5.5千·13薪,1年,西安
装配电工（自动化设备）,机械/设备/重工,广东冈田智能科技有限公司,初中及以下,7千-1万,1年,东莞
运营专员,贸易/进出口,深圳市博为凯科技有限公司,大专,5千-1万,1年,深圳
花稿图案设计师,互联网/电子商务,广州启维科技技术有限公司,大专,9千-1.3万·13薪,2年,广州
董事长专职司机,物业管理/商业中心,四川滨江鼎信物业服务有限公司成都分公司,大专,7-8千,3-4年,成都
投标资料员,计算机软件,四川耀南电子有限公司,大专,5-7千,2年,绵阳
建筑行业税务会计,建筑/建材/工程,武汉佳仁峰发建筑工程有限公司,大专,5-6千,5-7年,武汉
海外推广主管,互联网/电子商务,广州启维科技技术有限公司,大专,1.2-2万·13薪,3-4年,广州
中文教师,教育/培训/院校,深圳市南山区若叶学园培训中心,本科,3-5千,1年,深圳
销售经理,交通/运输/物流,上海大田国际货运有限公司,大专,1-2万,5-7年,上海
苏州租售负责人,中介服务,浙江幸福绿城房地产经纪有限公司,大专,1-1.5万,5-7年,苏州
品质主管,家居/室内设计/装潢,宁波凯祥家居有限公司,大专,6-9千,3-4年,宁波
装卸工,家具/家电/玩具/礼品,广东鸿美达科技有限公司,,4.5-5.5千,无需经验,江门
海外代理销售,交通/运输/物流,上海大田国际货运有限公司,大专,8千-1.5万,3-4年,上海
渠道销售经理,建筑/建材/工程,深圳好博窗控技术股份有限公司,大专,10-20万/年,2年,佛山
等级保护测评师,计算机软件,云南联创网安科技有限公司,本科,6千-1万,2年,昆明
OTC省区经理,制药/生物工程,丽珠医药集团股份有限公司,大专,1-1.5万,3-4年,广东省
市场文案策划,服装/纺织/皮革,深圳市杰西服装有限责任公司,大专,7-9千,3-4年,深圳
保温杯模具工,贸易/进出口,广东木森日用品有限公司,中技/中专,1-1.4万,5-7年,阳江
解决方案经理,环保,无锡康宇水处理设备有限公司,大专,10-20万/年,5-7年,杭州
区域销售总监,机械/设备/重工,上海同泰火安科技有限公司,大专,40-70万/年,10年以上,广州
中山营运主管,批发/零售,盛世长运（广东）体育股份有限公司,大专,7千-1万,2年,中山
研发助理工程师,贸易/进出口,广东木森日用品有限公司,大专,5-8千,2年,阳江
二手车评估师,汽车,东莞奥泽汽车销售服务有限公司,大专,5-8千,1年,东莞
区域销售总监,机械/设备/重工,上海同泰火安科技有限公司,大专,40-70万/年,10年以上,广州
Commercial Executive,家具/家电/玩具/礼品,dyson,本科,18-20万/年,1年,上海
销售主管（常驻安徽）,计算机软件,苏州华朋实业有限公司,中技/中专,6千-1.2万,3-4年,苏州
财务岗,金融/投资/证券,深圳睿涛资产管理有限公司,本科,6-8千,1年,南京
生产计划员,石油/化工/矿产/地质,江苏晶华新材料科技有限公司,大专,5-7千,2年,内江
数码网屏L350机长,印刷/包装/造纸,盈彩（恩平）包装科技有限公司,中技/中专,5-7千,2年,江门
美工,服装/纺织/皮革,浙江敦奴联合实业股份有限公司,大专,5-7千,1年,海宁
UED,电子技术/半导体/集成电路,河南菠菜包电子科技有限公司,本科,4-6千,3-4年,郑州
幼儿园教师（主班/副班）,教育/培训/院校,东莞市城市智库教育咨询有限公司,中技/中专,3-5千,1年,东莞
数码网屏L350机长,印刷/包装/造纸,盈彩（恩平）包装科技有限公司,中技/中专,5-7千,2年,江门
销售工程师（锂电设备）,机械/设备/重工,深圳市尚水智能股份有限公司,大专,1-1.5万·24薪,3-4年,苏州
装配钳工,机械/设备/重工,杭州永创智能设备股份有限公司,,8-10万/年,1年,杭州
采购,电子技术/半导体/集成电路,现代机器人（江苏）有限公司,大专,6千-1万·14薪,3-4年,常州
店员/无晚班/五险一金/番禺市桥,批发/零售,广州海之声听力商贸有限公司,高中,4-8千,3-4年,广州
储备干部,通信/电信/网络设备,江西开泰红旗科技有限公司,大专,4-8千,无需经验,九江
招商专员,房地产,云南金来科技产业发展有限公司,高中,4-6千,2年,昆明
外派出差8k+带薪培训+差旅全报,环保,西安森诺德环保科技有限公司,中技/中专,8千-1.6万,3-4年,西安
课程设计师,学术/科研,上海励晶科技发展有限公司,本科,7千-1万,1年,上海
Application Engineer,汽车,美视伊汽车镜控（苏州）有限公司,本科,1.6-2.1万·13薪,3-4年,苏州
城市经理,快速消费品(食品、饮料、化妆品),妙飞江苏食品科技有限公司,大专,9千-1.5万,3-4年,淄博
销售经理,快速消费品(食品、饮料、化妆品),广州市泰迪熊婴幼儿用品有限公司,大专,1.2-2万,5-7年,南京
全屋定制储备店长,建筑/建材/工程,广西佳珮商贸有限公司,中技/中专,5-9千,3-4年,南宁
Compliance Clerk,银行,盘谷银行（中国）有限公司,本科,1-1.6万,3-4年,上海
前台收银,医疗/护理/卫生,广州市东源中医门诊部有限公司,中技/中专,4-6千,1年,广州
销售专员,通信/电信/网络设备,上海执讯智能科技有限公司,大专,7千-1万,1年,上海
嵌入式软件工程师,电子技术/半导体/集成电路,西安纵横海电子科技有限责任公司,本科,1-2万,1年,西安
天猫推广,互联网/电子商务,广州小皮文化传媒有限公司,大专,6千-1万,3-4年,广州
金蝶ERP工程师,环保,苏州梅克兰循环科技有限公司,大专,9千-1.3万,3-4年,苏州
俄罗斯市场运营总监,电子技术/半导体/集成电路,多美达电子（深圳）有限公司,本科,2-4万,3-4年,深圳
物业消防主管,物业管理/商业中心,上海地产酒店管理有限公司,大专,6-8千,3-4年,上海
轻奢服装PYE店员（上海港汇恒隆）,服装/纺织/皮革,广东溢达纺织有限公司,中技/中专,8千-1.6万,2年,上海
UI设计师,互联网/电子商务,深圳座联互动科技有限公司,本科,1.2-1.6万,3-4年,深圳
仓库配送（城配）,交通/运输/物流,东莞市快准好汽车服务有限公司,,1-1.8万,无需经验,东莞
抖音运营专员,互联网/电子商务,广州市乐华鸿盛贸易有限公司,大专,5-8千,1年,广州
区域销售总监,机械/设备/重工,上海同泰火安科技有限公司,大专,40-70万/年,10年以上,广州
仓库管理员（工程部）,快速消费品(食品、饮料、化妆品),上海极睿食品销售有限公司,大专,5.5-6.5千,2年,上海
研发助理工程师,贸易/进出口,广东木森日用品有限公司,大专,5-8千,2年,阳江
财务主管,家具/家电/玩具/礼品,广东奥马电器股份有限公司,本科,15-20万/年,2年,深圳
财务岗,金融/投资/证券,深圳睿涛资产管理有限公司,本科,6-8千,1年,南京
生产计划员,石油/化工/矿产/地质,江苏晶华新材料科技有限公司,大专,5-7千,2年,内江
Chinese Teacher (Maternity Cover),教育/培训/院校,深圳前海哈罗外籍人员子女学校,本科,1.5-2.5万,3-4年,深圳
自动化工程师,电子技术/半导体/集成电路,慧翰微电子股份有限公司,本科,1-1.5万·14薪,3-4年,福州
数码网屏L350机长,印刷/包装/造纸,盈彩（恩平）包装科技有限公司,中技/中专,5-7千,2年,江门
美工,服装/纺织/皮革,浙江敦奴联合实业股份有限公司,大专,5-7千,1年,海宁
幼儿园教师（主班/副班）,教育/培训/院校,东莞市城市智库教育咨询有限公司,中技/中专,3.5-5千·13薪,1年,东莞
维修工程师,电子技术/半导体/集成电路,慧翰微电子股份有限公司,大专,4-8千·14薪,1年,福州
数码网屏L350机长,印刷/包装/造纸,盈彩（恩平）包装科技有限公司,中技/中专,5-7千,2年,江门
客服,服装/纺织/皮革,浙江敦奴联合实业股份有限公司,高中,6-8千,1年,海宁
幼儿园教师（主班/副班）,教育/培训/院校,东莞市城市智库教育咨询有限公司,中技/中专,3-5千,1年,东莞
售后工程师（乐山）,机械/设备/重工,上海连成（集团）有限公司成都分公司,大专,4.5-9千·13薪,2年,乐山
精装设计总监,房地产,深圳市明昇发展有限公司,本科,3-6万·15薪,5-7年,深圳
装配钳工,机械/设备/重工,杭州永创智能设备股份有限公司,,8-10万/年,1年,杭州
采购,电子技术/半导体/集成电路,现代机器人（江苏）有限公司,大专,6千-1万·14薪,3-4年,常州
物料管理,建筑/建材/工程,益科德（上海）有限公司,大专,6-8千·13薪,1年,无锡
STM32/DSP嵌入式软件工程师,电子技术/半导体/集成电路,上海直能电力电子有限公司,本科,2-3.8万,3-4年,上海
外贸销售经理,电子技术/半导体/集成电路,柯依努（苏州）精密光电有限公司,本科,6千-1万·13薪,2年,常熟
冲压模具设计,机械/设备/重工,捷特蓝德机电无锡有限公司,大专,8千-1.5万,5-7年,无锡
操作工,汽车,宁波路润冷却器制造有限公司,,6-8千,1年,宁波
医药市场产品主管,制药/生物工程,天赋藏宝（北京）生物科技有限公司,本科,9千-1.2万,1年,北京
销售工程师,电子技术/半导体/集成电路,柯依努（苏州）精密光电有限公司,大专,6千-1.2万,2年,常熟
品质主管,机械/设备/重工,捷特蓝德机电无锡有限公司,大专,0.8-1万,5-7年,无锡
萌宠饲养员,房地产,云南丹彤集团文化旅游有限公司,中技/中专,5-6千,3-4年,昆明
QE主管,新能源,常州斯威克光伏新材料有限公司,大专,1.5-2万,3-4年,常州
机械设计工程师,电子技术/半导体/集成电路,柯依努（苏州）精密光电有限公司,大专,1.5-1.8万,3-4年,常熟
客服专员,机械/设备/重工,捷特蓝德机电无锡有限公司,大专,4.5-6千,3-4年,无锡
Customer Service Coordinator 海运客服代表,交通/运输/物流,德莎国际货运代理（上海）有限公司,大专,6-8千·13薪,3-4年,武汉
办公室文员（眉县）,仪器仪表/工业自动化,宝鸡市诚信工业气体有限公司,大专,3.5-5千,3-4年,宝鸡
装配钳工,电子技术/半导体/集成电路,柯依努（苏州）精密光电有限公司,中技/中专,5-7千,2年,常熟
阿里国际站运营,机械/设备/重工,广州惠立彩电子科技有限公司,大专,8千-1.5万,3-4年,广州
淘宝运营,会计/审计,广东桓好实业股份有限公司,大专,6千-1万,1年,广州
高级自控工程师,电子技术/半导体/集成电路,南京艾艾图智能科技有限公司,本科,1.2-2万,3-4年,南京
生管/机床操作员,环保,日初环保科技（南通）有限公司,大专,5-5.5千,1年,南通
产品结构工程师,贸易/进出口,广东木森日用品有限公司,大专,1.1-1.5万,5-7年,阳江
主动营销专员/主管/经理,建筑/建材/工程,佛山市大角鹿大理石瓷砖有限公司,高中,5千-1万,1年,佛山
机械设计工程师,汽车,江苏美丽狮汽车服务有限公司,本科,1.1-1.5万,3-4年,昆山
装配工,机械/设备/重工,南京申马电机有限责任公司,高中,4-7千,3-4年,南京
维修工,石油/化工/矿产/地质,上海拜高高分子材料有限公司,,6-8千·13薪,3-4年,上海
大客户经理（机床行业）,机械/设备/重工,山东嘉瑞工业发展有限公司,高中,8千-1万,3-4年,潍坊
机械设计工程师,汽车,江苏美丽狮汽车服务有限公司,本科,1.1-1.5万,3-4年,昆山
销售工程师,批发/零售,上海凯泉给水工程有限公司苏州分公司,本科,6千-1.2万,2年,无锡
销售经理,机械/设备/重工,苏州云众机械设备有限公司,大专,30-60万/年,3-4年,苏州
大客户经理（机床行业）,机械/设备/重工,山东嘉瑞工业发展有限公司,高中,8千-1万,3-4年,烟台
资材主管,仪器仪表/工业自动化,重庆辉生泰新材料科技有限公司,本科,1.5-2.5万·13薪,5-7年,苏州
助理工艺工程师-实习生,汽车,上海君屹工业自动化股份有限公司,本科,5千-1万,无需经验,上海
采购,仪器仪表/工业自动化,苏州八零七智能科技有限公司,大专,6千-1万·13薪,2年,苏州
嵌入式软件工程师,家具/家电/玩具/礼品,澳兰斯健康产业有限公司,大专,1.3-2.5万,5-7年,广州
人事行政总监,仪器仪表/工业自动化,重庆辉生泰新材料科技有限公司,本科,1.5-2.5万·13薪,5-7年,苏州
客服专员,酒店/旅游,珠海海贝国际旅行社有限公司,中技/中专,4-6千,1年,珠海
机电安装专业监理员,专业服务(咨询、人力资源、财会),昆山市建设咨询监理有限公司,中技/中专,5-6千,1年,昆山
进口油销售,贸易/进出口,上海肆巢进出口有限公司,大专,20-30万/年,无需经验,上海
车间核算员,电子技术/半导体/集成电路,常州丰盛光电科技股份有限公司,高中,3.5-4千,无需经验,常州
外贸跟单,批发/零售,广东乐居日用品有限公司,大专,6-8千,1年,清远
人力资源经理,仪器仪表/工业自动化,江苏高凯精密流体技术股份有限公司,本科,2-3万·13薪,8-9年,常州
美工,服装/纺织/皮革,浙江敦奴联合实业股份有限公司,大专,5-7千,1年,海宁
UED,电子技术/半导体/集成电路,河南菠菜包电子科技有限公司,本科,4-6千,3-4年,郑州
维修工程师,电子技术/半导体/集成电路,慧翰微电子股份有限公司,大专,4-8千·14薪,1年,福州
数码网屏L350机长,印刷/包装/造纸,盈彩（恩平）包装科技有限公司,中技/中专,5-7千,2年,江门
客服,服装/纺织/皮革,浙江敦奴联合实业股份有限公司,高中,6-8千,1年,海宁
幼儿园教师（主班/副班）,教育/培训/院校,东莞市城市智库教育咨询有限公司,中技/中专,3-5千,1年,东莞
售后工程师（乐山）,机械/设备/重工,上海连成（集团）有限公司成都分公司,大专,4.5-9千·13薪,2年,乐山
销售工程师（锂电设备）,机械/设备/重工,深圳市尚水智能股份有限公司,大专,1-1.5万·24薪,3-4年,苏州
精装设计总监,房地产,深圳市明昇发展有限公司,本科,3-6万·15薪,5-7年,深圳
装配钳工,机械/设备/重工,杭州永创智能设备股份有限公司,,8-10万/年,1年,杭州
采购,电子技术/半导体/集成电路,现代机器人（江苏）有限公司,大专,6千-1万·14薪,3-4年,常州
外贸经理（耳机）,电子技术/半导体/集成电路,深圳市汉科电子股份有限公司,大专,1-2万,2年,东莞
物料管理,建筑/建材/工程,益科德（上海）有限公司,大专,6-8千·13薪,1年,无锡
STM32/DSP嵌入式软件工程师,电子技术/半导体/集成电路,上海直能电力电子有限公司,本科,2-3.8万,3-4年,上海
销售经理,电子技术/半导体/集成电路,柯依努（苏州）精密光电有限公司,大专,6千-1.2万,3-4年,常熟
模具钳工,电子技术/半导体/集成电路,上海辛倍克电子科技有限公司,中技/中专,5-8千,2年,上海
冲压模具设计,机械/设备/重工,捷特蓝德机电无锡有限公司,大专,8千-1.5万,5-7年,无锡
销售助理/销售内勤,电子技术/半导体/集成电路,上海直能电力电子有限公司,本科,7千-1.4万,1年,上海
外贸销售经理,电子技术/半导体/集成电路,柯依努（苏州）精密光电有限公司,本科,6千-1万·13薪,2年,常熟
操作工,汽车,宁波路润冷却器制造有限公司,,6-8千,1年,宁波
采购员,汽车零配件,宁波捷司科技有限公司,大专,5-8千·13薪,2年,宁波
注塑模具工程师,汽车,重庆双英汽车配件制造有限公司,大专,8千-1万,3-4年,重庆
单片机软件工程师,电子技术/半导体/集成电路,深圳市梁依智能科技有限公司,本科,1-2万,3-4年,深圳
胶粘剂销售工程师,电子技术/半导体/集成电路,上海誉向电子科技有限公司,大专,7-8千,2年,上海
国内外业务助理/跟单,医疗设备/器械,永岳医疗科技（昆山）有限公司,大专,4.5-6千,2年,昆山
成本会计助理,电子技术/半导体/集成电路,新美亚电子（深圳）有限公司,大专,5-8千,1年,深圳
区域大客户销售经理,交通/运输/物流,近铁国际物流（中国）有限公司上海分公司,大专,2-3万·13薪,5-7年,上海
研发实验员（双休，清远工作）,石油/化工/矿产/地质,清远升华新材料科技有限公司,大专,3.5-5千,无需经验,清远
律师助理,法律,广东笃一律师事务所,本科,3.5-5千,无需经验,广州
材料化学行业销售工程师,检测，认证,上海微谱检测科技集团股份有限公司,本科,1.5-3万·13薪,1年,上海
KA Sales 大客户销售（货代）,交通/运输/物流,近铁国际物流（中国）有限公司上海分公司,大专,1.5-2万·13薪,3-4年,上海
品质工程师/主管（双休，清远工作）,石油/化工/矿产/地质,清远升华新材料科技有限公司,大专,6千-1.2万,3-4年,清远
研发主管,制药/生物工程,湖南亚王医药科技有限公司,本科,1-1.5万,3-4年,岳阳
Planner,电子技术/半导体/集成电路,万诺电子（苏州）有限公司,本科,7.5-9千·13薪,3-4年,苏州
硬件销售工程师,电子技术/半导体/集成电路,四川升华电源科技有限公司,大专,6千-1.2万,1年,成都
院长（养护院）,医疗/护理/卫生,上海国松康养养老服务有限公司,大专,1.5-2万·13薪,3-4年,上海
网络维护工程师,通信/电信/网络设备,重庆汉龙网络科技有限公司,大专,4-6.5千,1年,重庆
硬件网络工程师,印刷/包装/造纸,升辉新材料股份有限公司,大专,8千-1.2万·13薪,5-7年,无锡
CNC编程技术人员,仪器仪表/工业自动化,冠威科技（武汉）有限公司,中技/中专,7-9千,3-4年,武汉
人事专员,电气/电力/水利,广州广高高压电器有限公司,大专,5-6千,无需经验,广州
IQC,新能源,富基电子（深圳）有限公司,中技/中专,5.5-7.5千,1年,深圳
销售主办会计（五险一金，包食宿）,机械/设备/重工,宁波美亚特精密传动部件有限公司,大专,5-8千,1年,宁波
财务主管（总账会计）,农/林/牧/渔,广西金陵农牧集团有限公司,大专,6-9千,1年,南宁
Staff ASIC Design Engineer,电子技术/半导体/集成电路,上海皮赛电子有限公司,本科,3.5-6.5万·15薪,5-7年,上海
IQC质检员,贸易/进出口,荆州市信义工贸股份有限公司,中技/中专,4.2-6千,1年,荆州
证券经纪人（国企、央企、上市公司),金融/投资/证券,招商证券股份有限公司南京庐山路证券营业部,大专,6千-1.2万,无需经验,南京
财务主管（总账会计）,农/林/牧/渔,广西金陵农牧集团有限公司,大专,6-9千,1年,南宁
Staff Analog Design Engineer,电子技术/半导体/集成电路,上海皮赛电子有限公司,本科,3.5-6万·15薪,5-7年,上海
机加工生产线长,汽车,大陆汽车系统（常熟）有限公司,大专,7千-1.1万·13薪,3-4年,常熟
证券销售（国企、央企、上市公司）,金融/投资/证券,招商证券股份有限公司南京庐山路证券营业部,大专,6千-1.2万,无需经验,南京
财务主管（总账会计）,农/林/牧/渔,广西金陵农牧集团有限公司,大专,6-9千,1年,南宁
工艺工程师,汽车,无锡法雷奥汽车零配件系统有限公司,大专,1-1.5万·13薪,3-4年,无锡
冲压模具维修技师,汽车零配件,南京法雷奥离合器有限公司沈阳分公司,中技/中专,4-6千·13薪,3-4年,沈阳
特殊风险事业部水险核保(009382),保险,华泰财产保险有限公司,本科,1.5-2万·13薪,5-7年,上海
财务主管（总账会计）,农/林/牧/渔,广西金陵农牧集团有限公司,大专,6-9千,1年,南宁
RSM业代,快速消费品(食品、饮料、化妆品),好丽友食品有限公司,大专,4.5-6千,2年,重庆
第三方纺织品/服装检验员（福建）,检测，认证,宁波中普商品信息咨询服务有限公司上海分公司,大专,3.5-4千·13薪,1年,上海
生产经理,多元化业务集团公司,上海鹰觉科技有限公司,大专,6-9千,3-4年,上海
财务主管（总账会计）,农/林/牧/渔,广西金陵农牧集团有限公司,大专,6-9千,1年,南宁
少儿英语老师,教育/培训/院校,瑞思学科英语,本科,5-8千,无需经验,中山
财务咨询,外包服务,野村综研（大连）科技有限公司,本科,5千-1万·13薪,3-4年,大连
建筑项目工程师,电子技术/半导体/集成电路,深圳市华思旭科技有限公司,高中,6-8千,3-4年,惠州
测试技术员,电子技术/半导体/集成电路,福莱盈电子股份有限公司,大专,3.5-7千,2年,苏州
高薪聘请结构工程师待遇优,机械/设备/重工,合肥慧沃数控设备有限公司,大专,1.5-2万·13薪,3-4年,合肥
行政专员,房地产,佛山华粤投资控股有限公司,大专,4-6千·13薪,无需经验,佛山
硬件网络工程师,印刷/包装/造纸,升辉新材料股份有限公司,大专,8千-1.2万·13薪,5-7年,无锡
CNC编程技术人员,仪器仪表/工业自动化,冠威科技（武汉）有限公司,中技/中专,7-9千,3-4年,武汉
设计助理,计算机软件,杭州新聚龙服饰有限公司,大专,3.5-5千,无需经验,杭州
业务助理,原材料和加工,苏州鼎佳精密科技股份有限公司,大专,6-7千·13薪,1年,苏州
总账会计,建筑/建材/工程,广东粤晟建工集团有限公司,大专,6-8千,5-7年,惠州
注册安全工程师,通信/电信/网络设备,深圳市协力达精密科技有限公司,高中,8千-1.2万,3-4年,深圳
销售工程师（江阴）,批发/零售,上海凯泉给水工程有限公司苏州分公司,本科,6千-1万,1年,无锡
日语外贸业务经理,电子技术/半导体/集成电路,同扬光电（江苏）有限公司,本科,1-1.5万,1年,扬州
主体结构检测员,建筑/建材/工程,中山市南头铭兴建设工程质量检测有限公司,大专,3.5-6千,1年,中山
质量技术工程师,仪器仪表/工业自动化,德迈科电气有限公司,大专,9千-1.2万·15薪,3-4年,昆山
IE高级工程师,计算机软件,黄石闻泰通讯有限公司,大专,1.2-1.5万,5-7年,黄石
财务经理,电子技术/半导体/集成电路,珠海中京电子电路有限公司,本科,2-2.5万,8-9年,珠海
口服车间外包装,制药/生物工程,平光制药股份有限公司,高中,4-5千,1年,合肥
采购文员,通信/电信运营、增值服务,金岛精密科技（深圳）有限公司,高中,4.5-5.3千,1年,深圳
测试工程师,计算机软件,上海博为峰信息技术有限公司,大专,9千-1.2万,3-4年,上海
客户品质工程师,电子技术/半导体/集成电路,苏州易德龙科技股份有限公司,本科,1.1-1.6万,8-9年,苏州
货运司机,贸易/进出口,荆州市信义工贸股份有限公司,中技/中专,4.6-6千,2年,荆州
普工/操作工（斜塘附近）,原材料和加工,苏州禾昌聚合材料股份有限公司,,6-7千,3-4年,苏州
仓库叉车工（江阴）,石油/化工/矿产/地质,江苏中橡化工贸易有限公司,,5-6千,2年,无锡
电气/线束工程师,原材料和加工,上海长顺电梯电缆有限公司,大专,1.2-2万,3-4年,上海
IPQC,贸易/进出口,荆州市信义工贸股份有限公司,中技/中专,5-6千,1年,荆州
机加工生产线长,汽车,大陆汽车系统（常熟）有限公司,大专,7千-1.1万·13薪,3-4年,常熟
计划工程师,汽车,法雷奥汽车内部控制（上海）有限公司,本科,1-1.5万,3-4年,上海
总公司资产管理部投资研究岗(009376),保险,华泰财产保险有限公司,硕士,1-1.5万·14薪,2年,北京
质量主管-Quality Supervisor,机械/设备/重工,圣戈班（中国）投资有限公司,本科,1.2-2万·15薪,5-7年,上海
第三方纺织品/服装检验员（福建）,检测，认证,宁波中普商品信息咨询服务有限公司上海分公司,大专,3.5-4千·13薪,1年,上海
生产经理,多元化业务集团公司,上海鹰觉科技有限公司,大专,6-9千,3-4年,上海
少儿英语老师,教育/培训/院校,瑞思学科英语,本科,5-8千,无需经验,中山
Key Account Manager 大客户经理,汽车,布雷博中国,本科,20-25万/年,8-9年,嘉兴
服装图案设计师,服装/纺织/皮革,株洲市荷塘区丹莉可人服饰行,本科,1-2万,3-4年,株洲
人事招聘专员,汽车,武汉盟盛人新能源汽车产业园发展股份有限公司,大专,3.5-4千,2年,武汉
智能家居设计师（米加系统）,计算机软件,贵州泰宇科技有限公司,大专,8千-1.2万,2年,贵阳
照明电气工程师,建筑/建材/工程,广东智源信达工程有限公司,大专,8千-1.2万,3-4年,广州
汽车事业部销售工程师,检测，认证,谱尼测试集团上海有限公司,本科,8千-1.2万,2年,上海
财富顾问,金融/投资/证券,银泰证券有限责任公司,大专,6千-1.2万,1年,宁波
俄语客户经理,电子技术/半导体/集成电路,苏州纽克斯电源技术股份有限公司,本科,8千-1.5万·13薪,2年,苏州
电子焊锡工,机械/设备/重工,杭州力夫机电制造有限公司,初中及以下,6-7千,1年,杭州
资深招募专员 (MJ000473),计算机软件,讯豪电子（昆山）有限公司,大专,1-1.2万,5-7年,昆山
进料检验员,汽车,超捷紧固系统（上海）股份有限公司,高中,7.5-9.5千,1年,上海
CNC/数控工程师,汽车零配件,摩擦一号制动科技（仙桃）有限公司,大专,6.5-9千,3-4年,仙桃
车间主任助理,机械/设备/重工,苏州市东吴锻焊厂有限公司,高中,5.5-7千,2年,苏州
产品工程师（日语）,汽车,莱顿汽车部件（苏州）有限公司,本科,1-1.8万·13薪,3-4年,苏州
IT运维专员,电气/电力/水利,广西北海精一电力器材有限责任公司,本科,6-7千,2年,南宁
模具设计师+仙桃上班+包吃住,汽车零配件,摩擦一号制动科技（仙桃）有限公司,大专,7千-1.2万,3-4年,仙桃
仓库管理员,新能源,苏州炳日科技有限公司,中技/中专,6-8千,2年,苏州
QE工程师,家具/家电/玩具/礼品,卓力电器集团有限公司,本科,8千-1.2万,3-4年,宁波
财务主管（总账会计）,农/林/牧/渔,广西金陵农牧集团有限公司,大专,6-9千,1年,南宁
模具制作维修,汽车零配件,摩擦一号制动科技（仙桃）有限公司,中技/中专,5-8.5千,3-4年,仙桃
热成型质量工程师,计算机软件,滁州多利汽车科技股份有限公司,大专,9千-1.2万·13薪,3-4年,滁州
品牌策划经理,电子技术/半导体/集成电路,深圳市冠旭电子股份有限公司,本科,1.5-2万,3-4年,深圳
财务主管（总账会计）,农/林/牧/渔,广西金陵农牧集团有限公司,大专,6-9千,1年,南宁
Staff ASIC Design Engineer,电子技术/半导体/集成电路,上海皮赛电子有限公司,本科,3.5-6.5万·15薪,5-7年,上海
IQC质检员,贸易/进出口,荆州市信义工贸股份有限公司,中技/中专,4.2-6千,1年,荆州
电气/线束工程师,原材料和加工,上海长顺电梯电缆有限公司,大专,1.2-2万,3-4年,上海
财务主管（总账会计）,农/林/牧/渔,广西金陵农牧集团有限公司,大专,6-9千,1年,南宁
测试技术员,电子技术/半导体/集成电路,福莱盈电子股份有限公司,大专,3.5-7千,2年,苏州
硬件网络工程师,印刷/包装/造纸,升辉新材料股份有限公司,大专,8千-1.2万·13薪,5-7年,无锡
设计助理,计算机软件,杭州新聚龙服饰有限公司,大专,3.5-5千,无需经验,杭州
注册安全工程师,通信/电信/网络设备,深圳市协力达精密科技有限公司,高中,8千-1.2万,3-4年,深圳
销售工程师（江阴）,批发/零售,上海凯泉给水工程有限公司苏州分公司,本科,6千-1万,1年,无锡
日语外贸业务经理,电子技术/半导体/集成电路,同扬光电（江苏）有限公司,本科,1-1.5万,1年,扬州
质量技术工程师,仪器仪表/工业自动化,德迈科电气有限公司,大专,9千-1.2万·15薪,3-4年,昆山
PQE工程师,通信/电信/网络设备,深圳市协力达精密科技有限公司,高中,9千-1.2万,3-4年,深圳
财务经理,电子技术/半导体/集成电路,珠海中京电子电路有限公司,本科,2-2.5万,8-9年,珠海
保险主管（同业引进）,建筑/建材/工程,太平人寿保险有限公司北京分公司,本科,40-80万/年,2年,北京
采购文员,通信/电信运营、增值服务,金岛精密科技（深圳）有限公司,高中,4.5-5.3千,1年,深圳
医疗器械销售经理,医疗设备/器械,江苏佰润医疗科技有限公司,大专,6-8千,1年,镇江
操作工（永川）,原材料和加工,中广核金沃科技有限公司,初中及以下,4-8千,无需经验,重庆
销售经理,仪器仪表/工业自动化,山东大世自动化科技有限公司,大专,4-6千·13薪,3-4年,潍坊
售后客服,交通/运输/物流,南京信禄君交通科技有限公司,大专,3.5-4.5千,无需经验,南京
品质工程师,原材料和加工,佛山市本嘉新材料科技有限公司,大专,9千-1.3万·13薪,2年,佛山
品质工程师,办公用品及设备,东莞市恒轩办公用品有限公司,大专,7-9千,3-4年,东莞
科研助理,多元化业务集团公司,上海有机高科技发展有限公司,本科,10-20万/年,1年,上海
模具设计师+仙桃上班+包吃住,汽车零配件,摩擦一号制动科技（仙桃）有限公司,大专,7千-1.2万,3-4年,仙桃
供应链专员,贸易/进出口,研拓（广东）科技有限公司,大专,5-7千,1年,中山
财务助理,快速消费品(食品、饮料、化妆品),河北美多乐商贸有限公司,大专,4-8千,2年,唐山
货车驾驶员,建筑/建材/工程,上海孙岚市政养护设施有限公司,初中及以下,5-6千,5-7年,上海
PMC,计算机硬件,三一智造（深圳）有限公司,中技/中专,6-8千,1年,深圳
行政内勤,计算机软件,苏州美必家环境科技有限公司,大专,4-6千,无需经验,苏州
生产部部长,石油/化工/矿产/地质,帕特克（武汉）科技有限公司,大专,1-1.4万,5-7年,十堰
集团高级财务经理,服装/纺织/皮革,天虹（中国）投资有限公司,本科,2.5-4万·13薪,10年以上,上海
外观维修专员,计算机硬件,三一智造（深圳）有限公司,高中,7-10万/年,1年,深圳
生产计划,快速消费品(食品、饮料、化妆品),上海粮全其美食品有限公司,大专,7千-1.2万,3-4年,上海
财务经理,快速消费品(食品、饮料、化妆品),武汉野渡营销有限公司,本科,6-9千,5-7年,武汉
财务分析主管,服装/纺织/皮革,天虹（中国）投资有限公司,本科,1.5-2万·13薪,5-7年,上海
研发工程师（水处理方向）,环保,浙江联池水务设备股份有限公司,硕士,10-15万/年,无需经验,杭州
项目工程师,汽车,准特科技（苏州）有限公司,大专,6千-1万·14薪,5-7年,苏州
弱电售后工程师,通信/电信/网络设备,南京鼎欣旺科技有限公司,大专,4.5-6千·13薪,2年,南京
线切割工,贸易/进出口,株洲固特机电模具制造有限公司,高中,5-8千,2年,长沙
江北大石坝商场急聘女装导购,服装/纺织/皮革,重庆市瑾凤服饰有限公司,高中,4-8千,无需经验,重庆
结构力学工程师,机械/设备/重工,苏州三峰激光科技有限公司,硕士,16-22万/年,3-4年,苏州
保安,物业管理/商业中心,深圳市怡正发物业管理有限公司,高中,4.5-5.5千,3-4年,深圳
项目经理-日系,汽车,敏实集团,本科,1-2万·15薪,3-4年,嘉兴
三次元测量工程师,贸易/进出口,深圳市中德模具科技有限公司,高中,8.5千-1.2万·13薪,2年,深圳
仓管员,计算机软件,河源市勤进达实业有限公司,高中,6-6.5千,2年,东莞
三次元测量工程师,贸易/进出口,深圳市中德模具科技有限公司,高中,8.5千-1.2万·13薪,2年,深圳
新渠道运营经理,快速消费品(食品、饮料、化妆品),广州冰泉化妆品科技有限公司,大专,1.5-2.5万,5-7年,广州
行政人事（代招）,医疗/护理/卫生,杭州和合医学检验实验室有限公司,本科,8千-1.2万·13薪,3-4年,杭州
仓管员,计算机软件,河源市勤进达实业有限公司,高中,6-6.5千,2年,东莞
传感器应用工程师/高级工程师,电子技术/半导体/集成电路,苏州跃芯微传感技术有限公司,本科,1.5-3万·13薪,3-4年,苏州
生产经理,机械/设备/重工,宁波康居金属制品有限公司,大专,8千-1万,5-7年,宁波
IT主管/经理,物业管理/商业中心,深圳市卓越商业管理有限公司,本科,1-1.5万·15薪,3-4年,深圳
QC,计算机软件,河源市勤进达实业有限公司,初中及以下,5.5-7.5千,2年,东莞
仓库管理员,汽车零配件,森瑞（江苏）塑料制品有限公司,中技/中专,5.5-6千·13薪,2年,常州
品质主管,机械/设备/重工,宁波康居金属制品有限公司,大专,6-8千,3-4年,宁波
财务高级经理,金融/投资/证券,北京产权交易所有限公司,硕士,1.5-2万,10年以上,北京
DQE工程师,计算机软件,河源市勤进达实业有限公司,高中,8.5千-1万,3-4年,东莞
电商美工助理,医疗/护理/卫生,湖北鸿泰中医医院有限责任公司,大专,5-6千,1年,宜昌
区域业务经理,机械/设备/重工,恒悦（江苏）食品机械科技有限公司,大专,1.5-2.5万,5-7年,杭州
物业水电工,保险,广州市汇华物业管理有限公司,中技/中专,4.6-5.5千·13薪,3-4年,广州
PMC计划员,计算机软件,河源市勤进达实业有限公司,高中,5-6.5千,2年,东莞
防伪解决方案顾问(上海),印刷/包装/造纸,擎雷（上海）防伪科技有限公司,大专,6.5千-1万·13薪,无需经验,上海
半导体市场调研专员,电子技术/半导体/集成电路,富力天晟科技（武汉）有限公司,本科,6千-1.2万,1年,武汉
销售跟单,机械/设备/重工,恒悦（江苏）食品机械科技有限公司,大专,6千-1.2万,3-4年,南通
行政助理兼前台,计算机软件,河源市勤进达实业有限公司,本科,4.5-5千,2年,东莞
QC 品检 验货员 质检员,贸易/进出口,深圳诺唯亚顾问有限公司,高中,6-7千,2年,深圳
酒店经理,批发/零售,深圳市鸿都时尚投资发展有限公司,大专,7千-1.3万,2年,深圳
区域销售经理（教学设备）,教育/培训/院校,江苏乐百仕教育科技有限公司,大专,6千-1.2万,1年,南京
自媒体运营专员,教育/培训/院校,武汉哥图文化传媒有限公司,大专,4.5-9千,1年,武汉
SMT拉长/领班/SMT副主管,计算机硬件,三一智造（深圳）有限公司,高中,6-8千,2年,深圳
公寓/市场管理员,批发/零售,深圳市鸿都时尚投资发展有限公司,高中,4-8千,2年,深圳
安装工程经理,房地产,龙湖集团地产,本科,1.5-2.5万·13薪,5-7年,南京
SMT设备工程师,电子技术/半导体/集成电路,苏州汉瑞森光电科技股份有限公司,中技/中专,9千-1.2万,2年,苏州
PMC,计算机硬件,三一智造（深圳）有限公司,中技/中专,6-8千,1年,深圳
广州机场空运出口操作,计算机软件,广州世森国际货运代理有限公司,大专,5-6千,3-4年,广州
麦田公寓管家（月入过万）,房地产,麦田房产,大专,8千-1万,1年,厦门
销售助理,快速消费品(食品、饮料、化妆品),河北美多乐商贸有限公司,大专,4-6千,3-4年,唐山
外观维修专员,计算机硬件,三一智造（深圳）有限公司,高中,7-10万/年,1年,深圳
固体制剂车间操作工,制药/生物工程,广州渔夫堡医药科技有限公司,中技/中专,4-6千,1年,中山
大量招聘客服和审核人员,外包服务,上海煊橙信息科技有限公司,,3-5千,无需经验,柳州
审计经理,会计/审计,大信会计师事务所（特殊普通合伙）长沙分所,本科,8千-1万·16薪,5-7年,长沙
财务助理,快速消费品(食品、饮料、化妆品),河北美多乐商贸有限公司,大专,4-8千,2年,唐山
货车驾驶员,建筑/建材/工程,上海孙岚市政养护设施有限公司,初中及以下,5-6千,5-7年,上海
大量招聘客服和审核人员,外包服务,上海煊橙信息科技有限公司,,3-5千,无需经验,绵阳
行政内勤,计算机软件,苏州美必家环境科技有限公司,大专,4-6千,无需经验,苏州
质量经理,原材料和加工,圣戈班磨料磨具（上海）有限公司,本科,2-2.5万·15薪,5-7年,上海
少儿英语老师,教育/培训/院校,瑞思学科英语,本科,5-8千,无需经验,中山
销售内勤,快速消费品(食品、饮料、化妆品),好丽友食品有限公司,大专,6-8千,无需经验,金华
Key Account Manager 大客户经理,汽车,布雷博中国,本科,20-25万/年,8-9年,嘉兴
服装图案设计师,服装/纺织/皮革,株洲市荷塘区丹莉可人服饰行,本科,1-2万,3-4年,株洲
智能家居设计师（米加系统）,计算机软件,贵州泰宇科技有限公司,大专,8千-1.2万,2年,贵阳
照明电气工程师,建筑/建材/工程,广东智源信达工程有限公司,大专,8千-1.2万,3-4年,广州
大客户代表,建筑/建材/工程,上海木雅实验室设备有限公司,大专,8千-1万,3-4年,上海
仓库质检管理员（皮具包包）,贸易/进出口,广州步步新贸易有限公司,中技/中专,4-7千,1年,广州
系统软件工程师,通信/电信/网络设备,上海矽昌通信技术有限公司,本科,1.8-3.5万·15薪,3-4年,深圳
模拟/电源集成电路设计工程师,电子技术/半导体/集成电路,北京普能微电子科技有限公司,硕士,3-6万,3-4年,南京
采购专员,电子技术/半导体/集成电路,广州市昇博电子科技有限公司,大专,4-6千·13薪,1年,广州
工艺研发工程师,汽车,苏州恩都法汽车系统股份有限公司,大专,9千-1.2万·13薪,10年以上,苏州
电商主设计师,互联网/电子商务,浙江汉那健康科技有限公司,大专,7千-1万,2年,宁波
计划工程师,多元化业务集团公司,广东万瑞世家科技集团有限公司,大专,5千-1万,3-4年,东莞
工程文员,电子技术/半导体/集成电路,深圳明德展示科技有限公司,高中,5-7千,2年,深圳
技术助理,机械/设备/重工,捷而科电材（上海）有限公司,大专,6-9千,5-7年,上海
Java软件开发工程师,计算机软件,欧梯希软件（郑州）有限公司,大专,1-1.3万,1年,郑州
网优工程师,通信/电信/网络设备,深圳市佳贤通信科技股份有限公司,大专,6-8千·13薪,2年,深圳
注塑主管,汽车零配件,勐劢珂科技（苏州）有限公司,大专,1.3-1.8万,8-9年,苏州
高级数据分析工程师,家具/家电/玩具/礼品,美的集团洗衣机事业部,本科,2-4万·15薪,8-9年,无锡
产品专员,贸易/进出口,深圳市天图通逊供应链有限公司,大专,7-9千,2年,深圳
运营专员,汽车,深圳市元征科技股份有限公司,大专,1-1.5万,1年,深圳
国际学校中学语文教师,教育/培训/院校,维港教育发展咨询（广州）有限公司,本科,1-2万,2年,佛山
海外推广专员,通信/电信/网络设备,广东亿源通科技股份有限公司,本科,1-1.5万,2年,深圳
法务主管/经理,贸易/进出口,深圳市天图通逊供应链有限公司,本科,1-2万·13薪,2年,深圳
写字楼工程经理,物业管理/商业中心,万科物业戴德梁行,本科,1.5-1.9万,8-9年,深圳
驻点销售内勤 4K+,汽车,成都格罗华节能材料有限公司,大专,4-6千,2年,成都
办公室行政专员,医疗设备/器械,广州长原医疗科技有限公司,本科,5-7千,2年,广州
市场推广高级主管（线下）,快速消费品(食品、饮料、化妆品),广州冰泉化妆品科技有限公司,大专,7千-1万,3-4年,广州
薪酬绩效主管/专员,房地产,重庆海成实业（集团）有限公司,大专,4-6千,2年,重庆
QC Operator 质检员,新能源,SolarEdge Technologies China 所乐科技中国,中技/中专,6-8千·13薪,2年,广州
仓库专员,机械/设备/重工,东莞市恒银模具有限公司,高中,4-6千,1年,东莞
车间物料员,机械/设备/重工,赛尔特建筑科技（广东）有限公司,中技/中专,6-6.5千,2年,广州
南京公司-储备项目经理,物业管理/商业中心,弘阳物业,大专,1-1.5万,2年,江苏省
设备技术员,新能源,SolarEdge Technologies China 所乐科技中国,中技/中专,8千-1万·13薪,5-7年,广州
房产经纪人,房地产,江西赣江新区新佳盛网络科技有限公司,高中,1-2万,1年,南昌
eBay跨境电商运营专员,贸易/进出口,肇庆市和佳电子有限公司,大专,4-8千,1年,肇庆
男装图案设计师（轻潮）,服装/纺织/皮革,广州鑫大坂服饰有限公司,中技/中专,5千-1万,3-4年,广州
设备维修助理技术员,新能源,SolarEdge Technologies China 所乐科技中国,中技/中专,6-7千,1年,广州
平面设计师,物业管理/商业中心,新城控股集团股份有限公司,大专,5-5.7千,1年,西安
电商客服专员,房地产,广州中旗实业集团有限公司,大专,4-5千,1年,广州
采购助理,计算机软件,嘉兴云驰智能科技有限公司,大专,3.5-6千,1年,嘉兴
网络运营主管,机械/设备/重工,昆山奥兰克泵业制造有限公司,大专,8千-1.5万,3-4年,昆山
客服专员,快速消费品(食品、饮料、化妆品),良品铺子股份有限公司,大专,3-4千·13薪,1年,武汉
资深/销售专员（口腔设备器械）,医疗设备/器械,上海松佰牙科器械有限公司,大专,8千-1.5万,2年,北京
店经理（三亚海棠湾）,服装/纺织/皮革,PORTS,大专,1.6-2.5万,5-7年,三亚
网络运营主管,机械/设备/重工,昆山奥兰克泵业制造有限公司,大专,8千-1.5万,3-4年,昆山
调试技术员,电子技术/半导体/集成电路,深圳市一腾自动化科技有限公司,大专,8千-1万,1年,深圳
资深/销售专员（口腔设备器械）,医疗设备/器械,上海松佰牙科器械有限公司,大专,6千-1万,2年,贵阳
汇丰私人财富规划分区总经理,银行,汇丰保险经纪有限公司,本科,3-4万,8-9年,深圳
夏米尔慢走丝操作工,原材料和加工,成都鼎易精密模具有限公司,中技/中专,5千-1万,2年,成都
生产主管,电子技术/半导体/集成电路,新葓桥电子（昆山）有限公司,高中,8千-1.5万,5-7年,昆山
吾悦广场零售商户店长/店员,物业管理/商业中心,苏州新城吾悦商业管理有限公司,,5千-1万,1年,苏州
短视频演员,影视/媒体/艺术/文化传播,四川明星坊文化传播有限公司,大专,4-8千,1年,绵阳
资深商品专员,服装/纺织/皮革,广州两三事服饰有限公司,大专,8千-1万,3-4年,广州
物业项目经理,物业管理/商业中心,北京信卫物业管理有限公司,本科,1.5-3万,5-7年,北京
大区销售经理,计算机软件,安徽汇智信息技术有限公司,本科,8千-1.5万·13薪,3-4年,合肥
导演/编导,影视/媒体/艺术/文化传播,四川明星坊文化传播有限公司,大专,5千-1万,1年,广州
软装设计师,家居/室内设计/装潢,广东卓艺设计顾问有限公司,大专,1-2万,8-9年,广州
高端案场客服/礼仪,物业管理/商业中心,招商局物业管理有限公司佛山分公司,,7千-1.2万·14薪,无需经验,佛山
资深商品专员,服装/纺织/皮革,广州两三事服饰有限公司,大专,8千-1万,3-4年,广州
导演/编导,影视/媒体/艺术/文化传播,四川明星坊文化传播有限公司,大专,5千-1万,1年,广州
物业项目经理,物业管理/商业中心,北京信卫物业管理有限公司,本科,1.5-3万,5-7年,北京
大区销售经理,计算机软件,安徽汇智信息技术有限公司,本科,8千-1.5万·13薪,3-4年,合肥
室内设计师,家居/室内设计/装潢,广东卓艺设计顾问有限公司,大专,1-1.5万,5-7年,广州
系统运维工程师,快速消费品(食品、饮料、化妆品),广西叫酒网络科技有限公司,本科,1-1.5万·13薪,3-4年,南宁
汽车开关结构工程师,汽车零配件,广东森下汽车技术有限公司,本科,8千-1.5万,3-4年,广州
朝九晚六双休客服缴纳社保,计算机软件,上海帆驰信息技术有限公司,大专,4-6千,1年,安庆
软装设计师,家居/室内设计/装潢,广东卓艺设计顾问有限公司,大专,1-2万,8-9年,广州
系统运维工程师,快速消费品(食品、饮料、化妆品),广西叫酒网络科技有限公司,本科,1-1.5万·13薪,3-4年,南宁
硬件助理工程师,互联网/电子商务,熵基科技股份有限公司,本科,6-8千,无需经验,东莞
商务采购经理（海外采购）,医疗设备/器械,广州市中誉仪器科技有限公司,大专,1.5-1.7万·13薪,3-4年,广州
医美中心行政院长,美容/保健,广东伊丽汇美容科技有限公司,大专,2-3万,2年,珠海
系统运维工程师,快速消费品(食品、饮料、化妆品),广西叫酒网络科技有限公司,本科,1-1.5万·13薪,3-4年,南宁
织造工艺工程师,原材料和加工,江苏爱索新材料科技有限公司,大专,4-6千,无需经验,泰州
技术支持工程师,计算机软件,上海云辰信息科技有限公司,中技/中专,4-5千,5-7年,南充
摄影师,航天/航空,中国空气动力研究与发展中心计算空气动力研究所,本科,6.5-10万/年,2年,绵阳
数据开发工程师（南宁）,快速消费品(食品、饮料、化妆品),广西叫酒网络科技有限公司,大专,8千-1.5万,3-4年,南宁
织造工艺工程师,原材料和加工,江苏爱索新材料科技有限公司,大专,4-6千,无需经验,泰州
商务助理,物业管理/商业中心,武汉市叁阳商业管理有限公司,本科,7千-1万·13薪,2年,武汉
惠州海底捞4500服务员包吃住,餐饮业,郑州新捞派餐饮管理有限公司贺江路分公司,,5.6千-1万,无需经验,惠州
电子工程师Electronic Debug Engineer,新能源,SolarEdge Technologies China 所乐科技中国,大专,1.6-2.3万·13薪,3-4年,广州
CAE仿真工程师,计算机软件,成都优仿科技有限公司,本科,6-12万/年,1年,成都
董事长助理（商务）,物业管理/商业中心,武汉市叁阳商业管理有限公司,本科,1-1.6万·13薪,5-7年,武汉
城市经理,金融/投资/证券,中联惠捷信息技术有限公司,本科,2-3万,3-4年,福州
电子工程师,新能源,SolarEdge Technologies China 所乐科技中国,本科,1.5-2.5万·13薪,5-7年,广州
渠道经理-华东(J10068),金融/投资/证券,华富基金管理有限公司,本科,1.5-2.5万,3-4年,上海
物业会计,物业管理/商业中心,四川邦泰物业服务有限公司,本科,6-8千·13薪,1年,重庆
行政专员,环保,广州予能环保新材料有限公司,本科,5-8千·13薪,2年,广州
Experienced ICT Engineer,新能源,SolarEdge Technologies China 所乐科技中国,本科,1-2万,5-7年,广州
外贸经理-工作地（黑河市）,机械/设备/重工,上海瑞吉机械传动技术有限公司,本科,1-1.8万·13薪,5-7年,黑河
人事人员,电子技术/半导体/集成电路,宁波万芯诚电子科技有限公司,本科,5-7千,3-4年,宁波
资深/销售专员（口腔设备器械）,医疗设备/器械,上海松佰牙科器械有限公司,大专,6千-1万,2年,宁波
(senior) Process Engineer,新能源,SolarEdge Technologies China 所乐科技中国,本科,1.5-3万·13薪,5-7年,广州
汇丰私人财富规划副经理,银行,汇丰保险经纪有限公司,本科,1-1.4万,3-4年,深圳
人事人员,电子技术/半导体/集成电路,宁波万芯诚电子科技有限公司,本科,5-7千,3-4年,宁波
采购材料、设备质量管理,计算机软件,嘉兴云驰智能科技有限公司,大专,5千-1万,3-4年,嘉兴
平面设计师,物业管理/商业中心,新城控股集团股份有限公司,大专,5-5.7千,1年,西安
销售助理,电子技术/半导体/集成电路,深圳市汇佳成电子有限公司,大专,5-6千·13薪,1年,深圳
资深/销售专员（口腔设备器械）,医疗设备/器械,上海松佰牙科器械有限公司,大专,8千-1.5万,2年,北京
店经理（三亚海棠湾）,服装/纺织/皮革,PORTS,大专,1.6-2.5万,5-7年,三亚
调试技术员,电子技术/半导体/集成电路,深圳市一腾自动化科技有限公司,大专,8千-1万,1年,深圳
汇丰私人财富规划分区总经理,银行,汇丰保险经纪有限公司,本科,3-4万,8-9年,深圳
资深/销售专员（口腔设备器械）,医疗设备/器械,上海松佰牙科器械有限公司,大专,6千-1万,2年,贵阳
生产主管,电子技术/半导体/集成电路,新葓桥电子（昆山）有限公司,高中,8千-1.5万,5-7年,昆山
吾悦广场零售商户店长/店员,物业管理/商业中心,苏州新城吾悦商业管理有限公司,,5千-1万,1年,苏州
短视频演员,影视/媒体/艺术/文化传播,四川明星坊文化传播有限公司,大专,4-8千,1年,绵阳
高端案场客服/礼仪,物业管理/商业中心,招商局物业管理有限公司佛山分公司,,7千-1.2万·14薪,无需经验,佛山
物业项目经理,物业管理/商业中心,北京信卫物业管理有限公司,本科,1.5-3万,5-7年,北京
大区销售经理,计算机软件,安徽汇智信息技术有限公司,本科,8千-1.5万·13薪,3-4年,合肥
导演/编导,影视/媒体/艺术/文化传播,四川明星坊文化传播有限公司,大专,5千-1万,1年,广州
软装设计师,家居/室内设计/装潢,广东卓艺设计顾问有限公司,大专,1-2万,8-9年,广州
销售工程师,仪器仪表/工业自动化,深圳市凯佳光学科技有限公司,本科,1.5-3万·13薪,3-4年,深圳
结构工程师,家具/家电/玩具/礼品,浙江恒源洁具股份有限公司,本科,5千-1万,1年,台州
系统运维工程师,快速消费品(食品、饮料、化妆品),广西叫酒网络科技有限公司,本科,1-1.5万·13薪,3-4年,南宁
机构理财经理-华南(J10071),金融/投资/证券,华富基金管理有限公司,本科,1.2-2.2万,3-4年,广州
汽车开关结构工程师,汽车零配件,广东森下汽车技术有限公司,本科,8千-1.5万,3-4年,广州
餐饮工程监理,餐饮业,广州文通餐饮管理有限公司,大专,8千-1.3万,2年,广州
系统运维工程师,快速消费品(食品、饮料、化妆品),广西叫酒网络科技有限公司,本科,1-1.5万·13薪,3-4年,南宁
运营专员,法律,广东瀛尊律师事务所,大专,6-7千·13薪,无需经验,深圳
分公司经理,计算机软件,深圳市恒盛通运国际货运代理有限公司,大专,1-2万,2年,深圳
人事主任,物业管理/商业中心,粤海物业管理有限公司,本科,9千-1万·13薪,5-7年,深圳
天猫运营,仪器仪表/工业自动化,阳江市未来智造科技有限公司,大专,1-1.5万,3-4年,广州
装饰施工员,建筑/建材/工程,武汉道宇建筑科技工程有限公司,大专,6-9千,3-4年,武汉
售后维修（此岗位属于品质）,计算机软件,深圳市新天源电子有限公司,初中及以下,5-6千,无需经验,深圳
办公室文员,物业管理/商业中心,美罗商城,中技/中专,3千及以下·13薪,1年,苏州
行政管理,检测，认证,深圳中天国际认证有限公司,本科,6-7千,无需经验,深圳
环保工程师,环保,江苏中梵环境科技有限公司,本科,9千-1.4万,1年,苏州
生产主管（医疗）(J10064),电子技术/半导体/集成电路,苏州瑞可达连接系统股份有限公司,大专,8千-1.5万,5-7年,苏州
中餐服务员,餐饮业,广州侨美发展有限公司,,4.5-6千,1年,广州
国际旅行运营,航天/航空,北京华龙商务航空股份有限公司,本科,8千-1.5万,3-4年,北京
场馆运营专员（文体公司）,影视/媒体/艺术/文化传播,重庆华熙国信体育文化产业发展有限公司,本科,4-4.5千,无需经验,重庆
售后客服,互联网/电子商务,武汉京天网盟科技有限公司,,4-8千,无需经验,武汉
财务会计,通信/电信运营、增值服务,爱讯达科技（深圳）有限公司,本科,1-1.5万,5-7年,深圳
会计,交通/运输/物流,星速拉美（深圳）跨境供应链管理有限公司,大专,8-9千·13薪,1年,深圳
采购专员,医疗设备/器械,广州三拾七度医学技术有限公司,大专,5千-1万,3-4年,广州
会计,计算机软件,北京凯骐典盛商贸有限公司,大专,4-7千,1年,北京
汇丰私人财富规划师,银行,汇丰保险经纪有限公司,本科,8-9千,1年,上海
销售代表,电子技术/半导体/集成电路,江西屏飞科技有限公司,中技/中专,4-8千,无需经验,南昌
质检工程师（代招）,汽车,珠海广通车辆制造有限公司,大专,7-8千,2年,珠海
导演/编导,影视/媒体/艺术/文化传播,四川明星坊文化传播有限公司,大专,5千-1万,1年,广州
区域销售经理,计算机软件,安徽汇智信息技术有限公司,大专,5千-1万·13薪,3-4年,合肥
销售工程师,仪器仪表/工业自动化,深圳市凯佳光学科技有限公司,本科,1.5-3万·13薪,3-4年,深圳
结构工程师,家具/家电/玩具/礼品,浙江恒源洁具股份有限公司,本科,5千-1万,1年,台州
系统运维工程师,快速消费品(食品、饮料、化妆品),广西叫酒网络科技有限公司,本科,1-1.5万·13薪,3-4年,南宁
机构理财经理-华南(J10071),金融/投资/证券,华富基金管理有限公司,本科,1.2-2.2万,3-4年,广州
汽车开关结构工程师,汽车零配件,广东森下汽车技术有限公司,本科,8千-1.5万,3-4年,广州
眼镜验光师,批发/零售,耀保眼镜（深圳）有限公司,高中,5.5-8千,2年,杭州
系统运维工程师,快速消费品(食品、饮料、化妆品),广西叫酒网络科技有限公司,本科,1-1.5万·13薪,3-4年,南宁
硬件助理工程师,互联网/电子商务,熵基科技股份有限公司,本科,6-8千,无需经验,东莞
餐饮工程监理,餐饮业,广州文通餐饮管理有限公司,大专,8千-1.3万,2年,广州
商务采购经理（海外采购）,医疗设备/器械,广州市中誉仪器科技有限公司,大专,1.5-1.7万·13薪,3-4年,广州
审计员,专业服务(咨询、人力资源、财会),罗致恒富人力资源（上海）有限公司,,1-1.5万,无需经验,苏州
医美中心行政院长,美容/保健,广东伊丽汇美容科技有限公司,大专,2-3万,2年,珠海
织造工艺工程师,原材料和加工,江苏爱索新材料科技有限公司,大专,4-6千,无需经验,泰州
韩语认证专员,检测，认证,韩槿检测技术（上海）有限公司,本科,7-8千,无需经验,上海
培训总监,美容/保健,广州大赢家品牌管理有限公司,,1.5-2万,3-4年,广州
试验检测员,建筑/建材/工程,四川中奥建设工程试验检测有限责任公司,大专,5-7千,1年,成都
织造工艺工程师,原材料和加工,江苏爱索新材料科技有限公司,大专,4-6千,无需经验,泰州
分公司经理,计算机软件,深圳市恒盛通运国际货运代理有限公司,大专,1-2万,2年,深圳
运营总监,电子技术/半导体/集成电路,浙江摩根集团有限公司,大专,15-20万/年,3-4年,武汉
运营专员,法律,广东瀛尊律师事务所,大专,6-7千·13薪,无需经验,深圳
人事主任,物业管理/商业中心,粤海物业管理有限公司,本科,9千-1万·13薪,5-7年,深圳
售后维修（此岗位属于品质）,计算机软件,深圳市新天源电子有限公司,初中及以下,5-6千,无需经验,深圳
办公室文员,物业管理/商业中心,美罗商城,中技/中专,3千及以下·13薪,1年,苏州
行政管理,检测，认证,深圳中天国际认证有限公司,本科,6-7千,无需经验,深圳
生产主管（医疗）(J10064),电子技术/半导体/集成电路,苏州瑞可达连接系统股份有限公司,大专,8千-1.5万,5-7年,苏州
美工,电子技术/半导体/集成电路,深圳拓普龙科技有限公司,大专,7-8千,3-4年,深圳
场馆运营专员（文体公司）,影视/媒体/艺术/文化传播,重庆华熙国信体育文化产业发展有限公司,本科,4-4.5千,无需经验,重庆
售后客服,互联网/电子商务,武汉京天网盟科技有限公司,,4-8千,无需经验,武汉
财务会计,通信/电信运营、增值服务,爱讯达科技（深圳）有限公司,本科,1-1.5万,5-7年,深圳
会计,交通/运输/物流,星速拉美（深圳）跨境供应链管理有限公司,大专,8-9千·13薪,1年,深圳
汇丰私人财富规划经理,银行,汇丰保险经纪有限公司,本科,1.3-1.5万,5-7年,上海
采购专员,医疗设备/器械,广州三拾七度医学技术有限公司,大专,5千-1万,3-4年,广州
会计,计算机软件,北京凯骐典盛商贸有限公司,大专,4-7千,1年,北京
销售代表,电子技术/半导体/集成电路,江西屏飞科技有限公司,中技/中专,4-8千,无需经验,南昌
汇丰私人财富规划师,银行,汇丰保险经纪有限公司,本科,8-9千,1年,上海
仓库主管,电子技术/半导体/集成电路,广东高标智能科技股份有限公司,本科,1.2-1.8万,5-7年,东莞
产业园运营主管,房地产,中信泰富（中国）投资有限公司,本科,6千-1万,1年,南京
药店营业员-大德路,制药/生物工程,广东圆心药业有限公司,中技/中专,4-8千,1年,广州
机械工程师,电子技术/半导体/集成电路,博轶胜自动化科技（无锡）有限公司,大专,8千-1.5万·13薪,3-4年,无锡
PCB Layout,电子技术/半导体/集成电路,芯科集成电路（苏州）有限公司,本科,8千-1.5万·15薪,3-4年,苏州
汇丰私人财富规划师,银行,汇丰保险经纪有限公司,本科,8-9千,1年,上海
招商专员、招商经理,快速消费品(食品、饮料、化妆品),无锡者天生物科技有限公司,高中,6-8千,2年,无锡
BMS软件工程师,电子技术/半导体/集成电路,炫途储能科技（上海）有限公司,本科,3-5万,2年,上海
业务代表,电子技术/半导体/集成电路,国巨电子（东莞）有限公司,大专,6千-1.2万·14薪,5-7年,东莞
销售代表/业务专员（包住宿+高提成）,计算机软件,深圳市新天源电子有限公司,中技/中专,5千-1万,1年,深圳
数字技术技能产业教育经理[重庆南岸],通信/电信/网络设备,重庆信息通信研究院,本科,1.2-1.8万,5-7年,重庆
BMS硬件高级工程师,电子技术/半导体/集成电路,炫途储能科技（上海）有限公司,硕士,2.5-5万,3-4年,上海
实习生,新能源,上海联颖新能源科技有限公司,大专,3-4千,无需经验,南通
芯片销售/芯片业务员,计算机软件,深圳市新天源电子有限公司,高中,8千-1万,2年,深圳
shopee跨境电商运营,互联网/电子商务,武汉汉控环境科技有限公司,,3-6千,1年,武汉
QC,原材料和加工,怀德维新金属制品（深圳）有限公司,初中及以下,4-6千,1年,深圳
经理助理/秘书,快速消费品(食品、饮料、化妆品),无锡者天生物科技有限公司,大专,5-7千,2年,无锡
芯片销售工程师（元器件（晶振）LCM优先）,计算机软件,深圳市新天源电子有限公司,高中,8千-1.5万,2年,深圳
资深抖音运营,原材料和加工,广东拓必拓科技股份有限公司,大专,2.5-4万,3-4年,广州
主播,通信/电信/网络设备,郑州恒信通信设备有限公司,大专,8千-1.5万·13薪,1年,郑州
区域经理（萧山/滨江）,快速消费品(食品、饮料、化妆品),留夫鸭,大专,8千-1.2万,1年,杭州
外贸电商运营,计算机软件,深圳市新天源电子有限公司,大专,6千-1万,2年,深圳
物控主管,贸易/进出口,广州家馨居贸易有限公司,中技/中专,6-8千·13薪,3-4年,江门
高级平面设计师,家具/家电/玩具/礼品,上海沃望德办公系统有限公司,本科,7千-1.2万,3-4年,上海
会计助理（制造业）,医疗设备/器械,宁波洛孚医疗科技有限公司,大专,5-6千,2年,宁波
行政人事主管,建筑/建材/工程,广东明煌电力工程有限公司,大专,6-8千,5-7年,河源
产品开发采购文员,计算机软件,广州国冶机电安装有限公司,大专,4-6千,3-4年,广州
印前技术员,印刷/包装/造纸,深圳市裕同包装科技股份有限公司,高中,8千-1万,3-4年,东莞
安装造价主管,建筑/建材/工程,中德高路工程技术集团有限公司,本科,8千-1万,5-7年,昆明
采购专员,新能源,深圳市智赋新能源有限公司,大专,6-9千,1年,惠州
初级硬件工程师（实习）,电子技术/半导体/集成电路,上海道生物联技术有限公司,本科,3.5-5千,无需经验,上海
印前技术员,印刷/包装/造纸,深圳市裕同包装科技股份有限公司,高中,8千-1万,3-4年,东莞
服装设计师助理,服装/纺织/皮革,湖南素白服饰有限公司,中技/中专,4-8千,1年,株洲
保险经理,批发/零售,重庆博行大展汽车销售有限公司,大专,5-7千,3-4年,重庆
物业工程主管,物业管理/商业中心,广州天力物业发展有限公司杭州分公司,,7-9千·13薪,3-4年,宁波
销售代表（高薪+住宿）,计算机软件,杭州西蒙净化技术有限公司,高中,5千-1万,2年,杭州
楼栋管家（物业）,房地产,广东广田丰投资集团有限公司,大专,4.2-5千·13薪,1年,广州
成本招采经理,建筑/建材/工程,中国电子系统工程第三建设有限公司,大专,1-2万,3-4年,苏州
物业环境主管,物业管理/商业中心,广州天力物业发展有限公司杭州分公司,高中,7-8千·13薪,2年,宁波
省级区域销售经理,计算机软件,杭州西蒙净化技术有限公司,大专,8千-1.5万,2年,杭州
1,贸易/进出口,杭州臻元休闲用品有限公司,大专,8-10万/年,2年,杭州
产品经理（国际物流）,交通/运输/物流,广东省智慧陆港管理有限公司,本科,1.5-3万,8-9年,佛山
实习审核员,检测，认证,上海磐正认证有限公司,本科,6-8千,3-4年,上海
物业传媒业务主管,物业管理/商业中心,广州天力物业发展有限公司惠州分公司,大专,7-8千,3-4年,惠州
电子元器件采购工程师,电子技术/半导体/集成电路,凌航达（广东）科技有限公司,大专,6千-1.2万,1年,广州
康复科主任,多元化业务集团公司,康亦健（集团）有限公司,大专,1-2万,5-7年,广州
体系审核员/非全职,检测，认证,上海磐正认证有限公司,本科,1千/天,3-4年,上海
注塑模具师傅,医疗设备/器械,宁波洛孚医疗科技有限公司,高中,6.5-8.5千,5-7年,宁波
物控主管,贸易/进出口,广州家馨居贸易有限公司,中技/中专,6-8千·13薪,3-4年,江门
高级平面设计师,家具/家电/玩具/礼品,上海沃望德办公系统有限公司,本科,7千-1.2万,3-4年,上海
行政人事主管,建筑/建材/工程,广东明煌电力工程有限公司,大专,6-8千,5-7年,河源
会计助理（制造业）,医疗设备/器械,宁波洛孚医疗科技有限公司,大专,5-6千,2年,宁波
产品开发采购文员,计算机软件,广州国冶机电安装有限公司,大专,4-6千,3-4年,广州
印前技术员,印刷/包装/造纸,深圳市裕同包装科技股份有限公司,高中,8千-1万,3-4年,东莞
帮厨,建筑/建材/工程,湖北中恒健技术有限公司,高中,3-4.5千,3-4年,武汉
初级硬件工程师（实习）,电子技术/半导体/集成电路,上海道生物联技术有限公司,本科,3.5-5千,无需经验,上海
服装设计师助理,服装/纺织/皮革,湖南素白服饰有限公司,中技/中专,4-8千,1年,株洲
保险经理,批发/零售,重庆博行大展汽车销售有限公司,大专,5-7千,3-4年,重庆
物业工程主管,物业管理/商业中心,广州天力物业发展有限公司杭州分公司,,7-9千·13薪,3-4年,宁波
销售助理,批发/零售,杭州风行机电设备有限公司,,3.5-7千,1年,南通
省级区域销售经理,计算机软件,杭州西蒙净化技术有限公司,大专,8千-1.5万,2年,杭州
成本招采经理,建筑/建材/工程,中国电子系统工程第三建设有限公司,大专,1-2万,3-4年,苏州
审核策划（文员）,检测，认证,上海磐正认证有限公司,大专,7-9千,1年,上海
维修主管（电力电子设备）,新能源,北京迅巢科技有限公司,大专,8千-1万,5-7年,北京
物业传媒业务主管,物业管理/商业中心,广州天力物业发展有限公司惠州分公司,大专,7-8千,3-4年,惠州
设备生产质量主管（上海）,制药/生物工程,浙江我武生物科技股份有限公司,本科,1.5-2万·13薪,5-7年,上海
体系审核员/非全职,检测，认证,上海磐正认证有限公司,本科,1千/天,3-4年,上海
康复科主任,多元化业务集团公司,康亦健（集团）有限公司,大专,1-2万,5-7年,广州
塑胶模具技师,汽车,湖北三立车灯有限公司,高中,1-1.2万,5-7年,武汉
注塑模具师傅,医疗设备/器械,宁波洛孚医疗科技有限公司,高中,6.5-8.5千,5-7年,宁波
体系审核员/外审员,检测，认证,上海磐正认证有限公司,大专,20-30万/年,3-4年,上海
物控主管,贸易/进出口,广州家馨居贸易有限公司,中技/中专,6-8千·13薪,3-4年,江门
高级平面设计师,家具/家电/玩具/礼品,上海沃望德办公系统有限公司,本科,7千-1.2万,3-4年,上海
行政人事主管,建筑/建材/工程,广东明煌电力工程有限公司,大专,6-8千,5-7年,河源
印前技术员,印刷/包装/造纸,深圳市裕同包装科技股份有限公司,高中,8千-1万,3-4年,东莞
面包研发专家/工程师,互联网/电子商务,叮咚买菜,本科,1.5-2.5万·15薪,5-7年,上海
做四休一客服 包住宿 五险一金,计算机服务(系统、数据服务、维修),京北方信息技术股份有限公司BPO,大专,4-8千,无需经验,合肥
安装造价主管,建筑/建材/工程,中德高路工程技术集团有限公司,本科,8千-1万,5-7年,昆明
印前技术员,印刷/包装/造纸,深圳市裕同包装科技股份有限公司,高中,8千-1万,3-4年,东莞
帮厨,建筑/建材/工程,湖北中恒健技术有限公司,高中,3-4.5千,3-4年,武汉
初级硬件工程师（实习）,电子技术/半导体/集成电路,上海道生物联技术有限公司,本科,3.5-5千,无需经验,上海
康复科主任,多元化业务集团公司,康亦健（集团）有限公司,大专,1-2万,5-7年,广州
网络运维工程师,通信/电信运营、增值服务,爱讯达科技（深圳）有限公司,本科,1-2万,3-4年,北京
丝涟店员-北红星,家具/家电/玩具/礼品,丝涟贸易（上海）有限公司,,9千-1.6万,3-4年,北京
售后部经理,仪器仪表/工业自动化,江苏雷博科学仪器有限公司,大专,1.5-2.5万·14薪,5-7年,无锡
销售经理-专员,专业服务(咨询、人力资源、财会),禾润科晟（苏州）知识产权运营有限公司,本科,1-1.5万,3-4年,苏州
网络运维工程师,通信/电信运营、增值服务,爱讯达科技（深圳）有限公司,本科,1-2万,3-4年,南京
淘宝客服,服装/纺织/皮革,杭州英族服饰有限公司,,4.5-6千,1年,杭州
保安,贸易/进出口,深圳市威捷机电股份公司,,4-5千,1年,深圳
名企销售总监（高薪）,家居/室内设计/装潢,鹤丰（武汉）商贸有限公司,本科,8千-1万,2年,武汉
销售经理（政企）,通信/电信运营、增值服务,爱讯达科技（深圳）有限公司,大专,1.5-2.5万,3-4年,南京
货代销售,交通/运输/物流,深圳市中盟易通跨境物流有限公司,大专,4-8千,2年,广州
工程通路主管,互联网/电子商务,美的集团电子商务有限公司,本科,1-1.3万,2年,南昌
信息技术专员,多元化业务集团公司,资阳发展投资集团有限公司,本科,7-10万/年,无需经验,资阳
渠道经理,通信/电信运营、增值服务,爱讯达科技（深圳）有限公司,大专,1.5-2.5万,3-4年,上海
操作专员,交通/运输/物流,深圳市中盟易通跨境物流有限公司,大专,4-7千,2年,广州
行政司机,物业管理/商业中心,华发物业服务有限公司上海分公司,,7-9千·14薪,1年,上海
实验室管理员,制药/生物工程,上海泉眼生物科技有限公司,本科,8千-1.2万,5-7年,上海
财务,互联网/电子商务,易买得（上海）网络科技有限公司,大专,8千-1万·13薪,1年,上海
QC质检员,贸易/进出口,东莞市雅德照明科技有限公司,中技/中专,4.5-7千,2年,东莞
融资主管岗,多元化业务集团公司,资阳发展投资集团有限公司,本科,10-13万/年,3-4年,资阳
科研助理,制药/生物工程,上海泉眼生物科技有限公司,硕士,1-1.2万,1年,上海
月入8K客服，无销售任务，双休,计算机服务(系统、数据服务、维修),京北方信息技术股份有限公司BPO,大专,4-8千,无需经验,合肥
销售经理（政企）,通信/电信运营、增值服务,爱讯达科技（深圳）有限公司,大专,1.5-2.5万,3-4年,南京
采购员,印刷/包装/造纸,武汉市天虹纸塑彩印有限公司,高中,4.5-6千,1年,武汉
工程物业经理,物业管理/商业中心,上海创邑实业有限公司,大专,1.3-1.6万·14薪,5-7年,上海
丝涟店员-北红星,家具/家电/玩具/礼品,丝涟贸易（上海）有限公司,,9千-1.6万,3-4年,北京
渠道经理,通信/电信运营、增值服务,爱讯达科技（深圳）有限公司,大专,1.5-2.5万,3-4年,上海
销售经理-专员,专业服务(咨询、人力资源、财会),禾润科晟（苏州）知识产权运营有限公司,本科,1-1.5万,3-4年,苏州
企宣高级专员,机械/设备/重工,浙江杭可科技股份有限公司,本科,8千-1.3万·13薪,3-4年,杭州
淘宝客服,服装/纺织/皮革,杭州英族服饰有限公司,,4.5-6千,1年,杭州
网络运维工程师,通信/电信运营、增值服务,爱讯达科技（深圳）有限公司,本科,8千-1.5万,3-4年,西安
财务监督专员岗,多元化业务集团公司,资阳发展投资集团有限公司,本科,7-10万/年,3-4年,资阳
名企销售总监（高薪）,家居/室内设计/装潢,鹤丰（武汉）商贸有限公司,本科,8千-1万,2年,武汉
货代销售,交通/运输/物流,深圳市中盟易通跨境物流有限公司,大专,4-8千,2年,广州
工程通路主管,互联网/电子商务,美的集团电子商务有限公司,本科,1-1.3万,2年,南昌
成本会计（生产制造业）,电气/电力/水利,武汉宏联电线电缆有限公司,大专,5-7.5千,5-7年,武汉
安全经理,石油/化工/矿产/地质,林德(中国)投资有限公司,本科,1.2-2万,5-7年,福州
客服中心,制药/生物工程,上海泉眼生物科技有限公司,中技/中专,7千-1.2万,3-4年,上海
行政司机,物业管理/商业中心,华发物业服务有限公司上海分公司,,7-9千·14薪,1年,上海
财务,互联网/电子商务,易买得（上海）网络科技有限公司,大专,8千-1万·13薪,1年,上海
QC质检员,贸易/进出口,东莞市雅德照明科技有限公司,中技/中专,4.5-7千,2年,东莞
货代销售,交通/运输/物流,深圳市中盟易通跨境物流有限公司,大专,4-8千,2年,广州
渠道经理,通信/电信运营、增值服务,爱讯达科技（深圳）有限公司,大专,1.5-2.5万,3-4年,上海
成本会计（生产制造业）,电气/电力/水利,武汉宏联电线电缆有限公司,大专,5-7.5千,5-7年,武汉
客服中心,制药/生物工程,上海泉眼生物科技有限公司,中技/中专,7千-1.2万,3-4年,上海
行政司机,物业管理/商业中心,华发物业服务有限公司上海分公司,,7-9千·14薪,1年,上海
海外销售经理,通信/电信运营、增值服务,爱讯达科技（深圳）有限公司,大专,1.5-2.5万,3-4年,上海
财务,互联网/电子商务,易买得（上海）网络科技有限公司,大专,8千-1万·13薪,1年,上海
实验室管理员,制药/生物工程,上海泉眼生物科技有限公司,本科,8千-1.2万,5-7年,上海
QC质检员,贸易/进出口,东莞市雅德照明科技有限公司,中技/中专,4.5-7千,2年,东莞
网络运维工程师,通信/电信运营、增值服务,爱讯达科技（深圳）有限公司,本科,8千-1.5万,3-4年,西安
光伏系统工程师,新能源,晶科电力科技股份有限公司,大专,1.2-1.5万·14薪,3-4年,广东省
科研助理,制药/生物工程,上海泉眼生物科技有限公司,硕士,1-1.2万,1年,上海
融资主管岗,多元化业务集团公司,资阳发展投资集团有限公司,本科,10-13万/年,3-4年,资阳
商务BD,教育/培训/院校,互联派教育科技（大连）有限公司,大专,5-8千,1年,大连
社区运营专员,物业管理/商业中心,碧桂园生活服务集团股份有限公司成都分公司,大专,3千及以下,无需经验,成都
大客户销售,农/林/牧/渔,重庆市武隆区旭鼎农业开发有限公司,大专,7千-1.4万,1年,重庆
资深自动化工程师(医疗事业部）,电子技术/半导体/集成电路,安费诺精密连接器（深圳）有限公司,本科,1.7-2万·15薪,5-7年,深圳
客服,服装/纺织/皮革,杭州英族服饰有限公司,,5-6千,3-4年,杭州
医疗渠道销售,医疗设备/器械,同科林医疗仪器(上海)有限公司,大专,8千-1.2万,3-4年,北京
销售代表,农/林/牧/渔,重庆市武隆区旭鼎农业开发有限公司,大专,6.5千-1.3万,2年,重庆
亚马逊计划专员,计算机硬件,深圳市凌度汽车电子有限公司,大专,6-7千,2年,深圳
急招文员一名,仪器仪表/工业自动化,上海午阳电子科技有限公司,大专,5.5-5.7千,1年,上海
技术支持及项目管理岗,环保,福建海峡环保集团股份有限公司,本科,6千-1万,1年,福州
法务主管（EPC）,新能源,寰泰能源股份有限公司,本科,2-3万,5-7年,上海
跨境财务BP,计算机硬件,深圳市凌度汽车电子有限公司,本科,1-1.3万,3-4年,深圳
行政专员(J10506),交通/运输/物流,九元航空有限公司,本科,7千-1.2万,1年,广州
摩恩卫浴安徽区域招商经理,建筑/建材/工程,合肥美莱建材有限公司,,8千-1.2万,1年,合肥
Information Security,金融/投资/证券,枫国宏利信息科技服务（成都）有限公司,本科,1.2-1.8万,5-7年,成都
车间管理员,家具/家电/玩具/礼品,欧派家居集团股份有限公司,大专,8千-1.2万,2年,天津
电气工程师,仪器仪表/工业自动化,杭州海兴电力科技股份有限公司,本科,1.2-1.5万·13薪,5-7年,南京
单证员,交通/运输/物流,广东万纬冷链物流有限公司,大专,5.5-7千,1年,广州
厨工,石油/化工/矿产/地质,惠州市安品新材料有限公司,初中及以下,3.5-4.5千,1年,惠州
初高理科老师,教育/培训/院校,广州清大锐思教育咨询有限公司,本科,8千-1.6万,3-4年,广州
储备干部,石油/化工/矿产/地质,湖北仙粼化工有限公司,大专,4.5-5.5千·13薪,无需经验,仙桃
水电维修工,通信/电信运营、增值服务,广州尚航信息科技股份有限公司,中技/中专,4-6千,1年,无锡
厨师,通信/电信/网络设备,广州龙辉电子科技有限公司,高中,6-8千,3-4年,广州
财务管培生,农/林/牧/渔,湖南龙华农牧发展有限公司,硕士,8千-1.2万·14薪,无需经验,株洲
电话销售专员（五险双休+奖金+提成,会计/审计,云南誉钧财税管理有限公司,大专,3-6千,1年,昆明
手啤机长,印刷/包装/造纸,广东高义包装科技股份有限公司,,6.8-7千,2年,东莞
葡萄酒门店营业员,批发/零售,爱诺特卡酒业贸易（上海）有限公司,中技/中专,6-8千·13薪,1年,杭州
商务专员,建筑/建材/工程,湖北垚丰建设工程咨询有限公司,大专,6-8千,3-4年,武汉
资深产品经理（硬件）,计算机软件,上海威强电工业电脑有限公司,本科,1.5-2.5万·14薪,5-7年,上海
助理工程师,机械/设备/重工,江苏澳构矿业科技股份有限公司,本科,6-8千·13薪,1年,南通
会计文员,建筑/建材/工程,中扬建设集团有限公司,大专,5-7千,2年,深圳
硬件工程师,电子技术/半导体/集成电路,深圳市汉欣诺电子有限公司,大专,8千-1.2万,2年,深圳
大客户销售工程师（长沙）,计算机软件,上海威强电工业电脑有限公司,大专,7千-1.2万,2年,长沙
项目经理（车载）,计算机硬件,深圳市凌度汽车电子有限公司,大专,1.5-2.2万,5-7年,深圳
急招文员一名,仪器仪表/工业自动化,上海午阳电子科技有限公司,大专,5.5-5.7千,1年,上海
绿化主管,物业管理/商业中心,深圳市万厦世纪物业管理有限公司,中技/中专,5-7千,2年,深圳
精益改善工程师,家具/家电/玩具/礼品,欧派家居集团股份有限公司,本科,8千-1.1万,1年,天津
亚马逊计划专员,计算机硬件,深圳市凌度汽车电子有限公司,大专,6-7千,2年,深圳
电商运营专员,快速消费品(食品、饮料、化妆品),长沙金果百货有限责任公司,大专,4.5-6千·13薪,1年,长沙
行政专员(J10506),交通/运输/物流,九元航空有限公司,本科,7千-1.2万,1年,广州
摩恩卫浴安徽区域招商经理,建筑/建材/工程,合肥美莱建材有限公司,,8千-1.2万,1年,合肥
车间管理员,家具/家电/玩具/礼品,欧派家居集团股份有限公司,大专,8千-1.2万,2年,天津
电气工程师,仪器仪表/工业自动化,杭州海兴电力科技股份有限公司,本科,1.2-1.5万·13薪,5-7年,南京
服装制版师,服装/纺织/皮革,苏州新润祺纺织品有限公司,高中,1-1.5万,5-7年,苏州
单证员,交通/运输/物流,广东万纬冷链物流有限公司,大专,5.5-7千,1年,广州
初高理科老师,教育/培训/院校,广州清大锐思教育咨询有限公司,本科,8千-1.6万,3-4年,广州
储备干部,石油/化工/矿产/地质,湖北仙粼化工有限公司,大专,4.5-5.5千·13薪,无需经验,仙桃
厨师,通信/电信/网络设备,广州龙辉电子科技有限公司,高中,6-8千,3-4年,广州
财务管培生,农/林/牧/渔,湖南龙华农牧发展有限公司,硕士,8千-1.2万·14薪,无需经验,株洲
Car-T运营专员(COS ),制药/生物工程,南京驯鹿生物技术股份有限公司,大专,7千-1.3万,2年,济南
电话销售专员（五险双休+奖金+提成,会计/审计,云南誉钧财税管理有限公司,大专,3-6千,1年,昆明
手啤机长,印刷/包装/造纸,广东高义包装科技股份有限公司,,6.8-7千,2年,东莞
葡萄酒门店营业员,批发/零售,爱诺特卡酒业贸易（上海）有限公司,中技/中专,6-8千·13薪,1年,杭州
应用开发工程师,电子技术/半导体/集成电路,博思发科技（深圳）有限公司,本科,1.5-2万,5-7年,深圳
核算会计,会计/审计,云南誉钧财税管理有限公司,大专,5千-1万,2年,昆明
LEAN & IE Manager （五险一金 双休）,贸易/进出口,科德宝家居用品（宁波）有限公司,本科,20-40万/年,5-7年,宁波
门店销售（葡萄酒直营店）,批发/零售,爱诺特卡酒业贸易（上海）有限公司,中技/中专,6-8千·13薪,1年,上海
财务助理,多元化业务集团公司,上海同祺投资管理有限公司,大专,6-8千,2年,上海
用友云账房财务顾问,会计/审计,云南誉钧财税管理有限公司,中技/中专,5千-1万,无需经验,昆明
财务经理（张家港）,交通/运输/物流,上海钢联物流股份有限公司,本科,8千-1.2万,3-4年,苏州
传感器研发总监,电子技术/半导体/集成电路,博思发科技（深圳）有限公司,本科,2.5-3.5万,8-9年,深圳
AE视频动画工程师,计算机服务(系统、数据服务、维修),速度科技股份有限公司,本科,1.3-2万,2年,南京
销售顾问,快速消费品(食品、饮料、化妆品),长沙金果百货有限责任公司,高中,4-4.5千·13薪,1年,长沙
技术工程师,机械/设备/重工,大连升隆机械有限公司,大专,1-1.9万,3-4年,大连
电商运营经理,批发/零售,上海环盛商业有限公司,本科,2-2.5万·13薪,5-7年,上海
结构工程师,电子技术/半导体/集成电路,博思发科技（深圳）有限公司,大专,1-1.5万,3-4年,深圳
物业工程主管,物业管理/商业中心,深圳市万厦世纪物业管理有限公司,中技/中专,7-9千,2年,深圳
门店销售（葡萄酒直营店）,批发/零售,爱诺特卡酒业贸易（上海）有限公司,中技/中专,6-8千·13薪,1年,上海
财务助理,多元化业务集团公司,上海同祺投资管理有限公司,大专,6-8千,2年,上海
用友云账房财务顾问,会计/审计,云南誉钧财税管理有限公司,中技/中专,5千-1万,无需经验,昆明
财务经理（张家港）,交通/运输/物流,上海钢联物流股份有限公司,本科,8千-1.2万,3-4年,苏州
传感器研发总监,电子技术/半导体/集成电路,博思发科技（深圳）有限公司,本科,2.5-3.5万,8-9年,深圳
销售顾问,快速消费品(食品、饮料、化妆品),长沙金果百货有限责任公司,高中,4-4.5千·13薪,1年,长沙
电商运营经理,批发/零售,上海环盛商业有限公司,本科,2-2.5万·13薪,5-7年,上海
物业工程主管,物业管理/商业中心,深圳市万厦世纪物业管理有限公司,中技/中专,7-9千,2年,深圳
古籍文字编辑,教育/培训/院校,北京扫叶科技文化有限公司,本科,6-8千,2年,北京
销售工程师,电子技术/半导体/集成电路,博思发科技（深圳）有限公司,本科,1.3-1.6万,3-4年,深圳
机械工程师,机械/设备/重工,惠州纬斯盾科技有限公司,本科,1.2-2万·13薪,2年,惠州
现场施工管理员,建筑/建材/工程,广东博信达环境工程有限公司,,8千-1.2万·13薪,3-4年,珠海
血液肿瘤-医药代表-瑞安/苍南/平阳(J16528),制药/生物工程,信达生物制药（苏州）有限公司,大专,6千-1.2万,5-7年,温州
高级PCB设计工程师,电子技术/半导体/集成电路,深圳市道格特科技有限公司,本科,2-4万,10年以上,苏州
机械结构工程师,新能源,深圳市瑞佳达科技有限公司,大专,1.5-2万,3-4年,深圳
C#软件工程师,电子技术/半导体/集成电路,上海微芸半导体科技有限公司,本科,1.5-2.5万,3-4年,上海
家具销售、导购,家居/室内设计/装潢,西安明珠商业运营管理有限公司泾河新城分公司,大专,5千-1万,1年,西安
PCB设计岗（layout）,电子技术/半导体/集成电路,深圳市道格特科技有限公司,大专,1.5-2万,3-4年,深圳
电气自动化工程师,新能源,深圳市瑞佳达科技有限公司,大专,1-1.8万,2年,深圳
销售经理-宁德(J13622),通信/电信/网络设备,视联动力信息技术股份有限公司,大专,8千-1.3万,3-4年,宁德
监控工程师（场段电力调度）-01049,交通/运输/物流,北京京港地铁有限公司,本科,1-1.4万,5-7年,北京
店装装修工程监理,家具/家电/玩具/礼品,广东领先展示股份有限公司,大专,7千-1.2万,2年,中山
冷镦学徒,汽车,慈溪市龙山汽配有限公司,初中及以下,4-5.5千,无需经验,宁波
网络客服,房地产,重庆乐立森建筑工程有限公司,大专,3.5-4千,1年,重庆
通号维修工程师（主信号方向）-北京-00052,交通/运输/物流,北京京港地铁有限公司,大专,1-1.5万,5-7年,北京
双休法休/招聘专员,计算机服务(系统、数据服务、维修),京北方信息技术股份有限公司BPO,大专,4-6千,1年,合肥
生产课长,电子技术/半导体/集成电路,佛山市南海勤智灯饰有限公司,中技/中专,6.5-8千,1年,佛山
安全管理员,快速消费品(食品、饮料、化妆品),必优食品科技（江苏）有限公司,中技/中专,5-7千·13薪,2年,常熟
资产工程师-北京-01137,交通/运输/物流,北京京港地铁有限公司,本科,1-1.2万,5-7年,北京
体系专员,印刷/包装/造纸,汕头东风印刷股份有限公司,大专,5-8千,2年,汕头
工厂负责人,交通/运输/物流,重庆共一集团有限公司,大专,9千-1.2万,5-7年,广安
商务专员,制药/生物工程,北京诺禾致源科技股份有限公司,本科,1-1.5万,无需经验,北京
结构设计助理工程师,汽车零配件,南京睿行智车科技有限责任公司,本科,6-9千,2年,南京
招生老师,教育/培训/院校,广州市黄埔区韶华幼儿园有限公司,本科,8-9千,1年,广州
MES网络管理员,汽车零配件,杭州人人集团有限公司,大专,8-15万/年,3-4年,湖州
网络管理员,酒店/旅游,四川扎西集团有限公司,大专,5-6千,3-4年,甘孜
业务助理,电子技术/半导体/集成电路,吴江市东江精密五金电子有限公司,中技/中专,4.5-6千,2年,苏州
大湾区销售经理,快速消费品(食品、饮料、化妆品),广州市天泷食品有限公司,高中,6千-1万,3-4年,广州
销售,制药/生物工程,南京金盾动物药业有限责任公司,大专,8千-1.3万,1年,深圳
工程资料员（四川自贡）,贸易/进出口,四川宏森越科技有限公司,大专,5-8千,2年,自贡
结构设计助理工程师,汽车零配件,南京睿行智车科技有限责任公司,本科,6-9千,2年,南京
招生老师,教育/培训/院校,广州市黄埔区韶华幼儿园有限公司,本科,8-9千,1年,广州
业务助理,电子技术/半导体/集成电路,吴江市东江精密五金电子有限公司,中技/中专,4.5-6千,2年,苏州
高级通号维修工程师（无线/传输方向）-01090,交通/运输/物流,北京京港地铁有限公司,大专,1.2-1.8万,5-7年,北京
嵌入式软件工程师,仪器仪表/工业自动化,上海海能信息科技股份有限公司,本科,1.1-2.2万,2年,上海
大湾区销售经理,快速消费品(食品、饮料、化妆品),广州市天泷食品有限公司,高中,6千-1万,3-4年,广州
视频剪辑,房地产,重庆乐立森建筑工程有限公司,大专,5-6千,2年,重庆
生产管理管培生,机械/设备/重工,江苏创斯达智能科技有限公司,本科,6-8千·13薪,无需经验,南通
工程资料员（四川自贡）,贸易/进出口,四川宏森越科技有限公司,大专,5-8千,2年,自贡
珠宝商品经理,奢侈品/收藏品/工艺品/珠宝,深圳华里祺祥实业有限公司,大专,8千-1.5万,2年,深圳
广州销售代表,快速消费品(食品、饮料、化妆品),广州市天泷食品有限公司,高中,5-8千,1年,广州
PCB板焊接员（兼职）,机械/设备/重工,江苏骠马智能装备股份有限公司,中技/中专,350元/天,2年,常州
预处理操作工,环保,深圳市利赛环保科技有限公司,高中,5.5-7千,2年,深圳
3D建模设计师,服装/纺织/皮革,广州市路望皮具制品有限公司,大专,5千-1万,1年,广州
单片机工程师,航天/航空,深圳市高巨创新科技开发有限公司,本科,1.3-2万,2年,深圳
开发报建专员,建筑/建材/工程,深圳市金信联投资有限公司,大专,8千-1.2万,2年,深圳
仓库单证员,交通/运输/物流,上海亮锋物流有限公司,高中,4.5-5千·13薪,1年,成都
青岛市南写字楼高工资管住招保洁,物业管理/商业中心,北京三和晨光物业管理有限公司,,2.6-4.2千,无需经验,青岛
销售总监,医疗设备/器械,云南昆药医疗器械有限公司,大专,15-20万/年,5-7年,昆明
实验室检测员,机械/设备/重工,上海长肯试验设备（集团）有限公司,大专,6-9千,1年,上海
单片机工程师,航天/航空,深圳市高巨创新科技开发有限公司,本科,1.3-2万,2年,深圳
开发报建专员,建筑/建材/工程,深圳市金信联投资有限公司,大专,8千-1.2万,2年,深圳
焊工,机械/设备/重工,湖南星宇龙机械有限公司,,7.5千-1.2万,1年,长沙
青岛市南写字楼高工资管住招保洁,物业管理/商业中心,北京三和晨光物业管理有限公司,,2.6-4.2千,无需经验,青岛
销售总监,医疗设备/器械,云南昆药医疗器械有限公司,大专,15-20万/年,5-7年,昆明
实验室检测员,机械/设备/重工,上海长肯试验设备（集团）有限公司,大专,6-9千,1年,上海
嵌入式软件工程师,机械/设备/重工,常州市威博称重设备系统有限公司,本科,1-1.5万·13薪,2年,常州
青岛市南写字楼高工资管住招保洁,物业管理/商业中心,北京三和晨光物业管理有限公司,,2.6-4.2千,无需经验,青岛
司机,电子技术/半导体/集成电路,矽兴（苏州）集成电路科技有限公司,,5-7千,5-7年,苏州
金属材料检测工程师,机械/设备/重工,上海长肯试验设备（集团）有限公司,大专,6千-1.2万,3-4年,上海
中级软件电源开发工程师（DCDC/OBC）,汽车,浙江航驱汽车科技有限公司,本科,2-3万·13薪,5-7年,杭州
客服,物业管理/商业中心,苏州中锐华田物业管理有限责任公司,中技/中专,6.8-7.5千,1年,苏州
系统工程中心总监,机械/设备/重工,特灵科技,本科,4-5万,5-7年,上海
销售工程师,机械/设备/重工,上海长肯试验设备（集团）有限公司,本科,6千-1.2万,3-4年,上海
销售,通信/电信/网络设备,上海华盖科技发展股份有限公司,大专,5千-1万,2年,太原
SMT品质领班,计算机软件,东莞市金邦尼电子科技有限公司,高中,6-8千,2年,东莞
实验室组长,石油/化工/矿产/地质,上海康鹏科技股份有限公司,本科,1-1.3万·13薪,2年,上海
质检员（买社保包食宿）,原材料和加工,广州市晟阳金属制品有限公司,中技/中专,4-6千,1年,荆门
华盖厂商销售专员,通信/电信/网络设备,上海华盖科技发展股份有限公司,本科,3-6千,1年,太原
SMT生产领班,计算机软件,东莞市金邦尼电子科技有限公司,高中,7-8.5千,2年,东莞
物流规划工程师,汽车零配件,青岛富晟李尔汽车座椅系统有限公司,本科,6-9千·15薪,2年,青岛
销售经理,贸易/进出口,上海齐凤商贸有限公司,大专,8千-1万,无需经验,上海
品质制程经理（懂锂电工具行业）,机械/设备/重工,浙江德硕科技股份有限公司,大专,1-1.5万,3-4年,金华
安全员,汽车零配件,江西天健龙维汽车部件有限公司,大专,5-7千,1年,九江
组装PE工程师,计算机软件,东莞市金邦尼电子科技有限公司,大专,8千-1万,2年,东莞
区域销售经理,贸易/进出口,上海齐凤商贸有限公司,大专,8千-1万,无需经验,上海
技术客服,计算机软件,广州市超赢信息科技有限公司,大专,4-6千,1年,广州
算法专家/高级工程师,新能源,隆基绿能科技股份有限公司,本科,2.5-5万·15薪,5-7年,西安
人力资源专员,检测，认证,山东中邦北方管理咨询有限公司,大专,4-6千,1年,青岛
零部件采购工程师,专业服务(咨询、人力资源、财会),AMARIS摩芮思科技咨询（上海）有限公司,本科,1.2-2.4万·13薪,1年,北京
结构工程师（龙华区）,航天/航空,深圳市高巨创新科技开发有限公司,本科,1.5-2.2万,3-4年,深圳
EHS专员,建筑/建材/工程,西卡（中国）有限公司,本科,8千-1万·14薪,3-4年,上海
五险+高薪+医疗器械销售代表,医疗设备/器械,深圳市豫健源医疗器械有限公司,大专,10-15万/年,1年,深圳
新媒体运营,快速消费品(食品、饮料、化妆品),宁波市橙心臻选食品有限公司,本科,6-8千,2年,宁波
DE技术员,电子技术/半导体/集成电路,捷敏电子（合肥）有限公司,大专,6-8千·14薪,1年,合肥
日语营业,教育/培训/院校,威海联信智达职业培训学校有限公司,本科,4-5千·13薪,1年,威海
汽车试验工程师,检测，认证,中质智通检测技术有限公司,本科,8千-1.5万,3-4年,泰州
项目工程师,机械/设备/重工,敏硕环境科技（江苏）有限公司,本科,8千-1.5万,5-7年,太仓
Business Analyst and Coordination Officer/Manager,保险,同行保险经纪有限公司,本科,1-2万,2年,广州
市场营销专员,教育/培训/院校,威海联信智达职业培训学校有限公司,大专,4-5千,无需经验,威海
人事专员,贸易/进出口,缘道缘科技（广州）有限公司,本科,5-8千,2年,广州
能源管理担当,机械/设备/重工,无锡松下冷机有限公司,大专,4.5-5.5千,3-4年,无锡
五险+高薪+医疗器械销售代表,医疗设备/器械,深圳市豫健源医疗器械有限公司,大专,10-15万/年,1年,深圳
新媒体运营,快速消费品(食品、饮料、化妆品),宁波市橙心臻选食品有限公司,本科,6-8千,2年,宁波
DE技术员,电子技术/半导体/集成电路,捷敏电子（合肥）有限公司,大专,6-8千·14薪,1年,合肥
房产主播,房地产,重庆乐立森建筑工程有限公司,大专,6-8千,2年,重庆
外贸业务跟单员（双休+五险),贸易/进出口,安徽顺泽进出口贸易有限公司,本科,6千-1万,1年,合肥
汽车试验工程师,检测，认证,中质智通检测技术有限公司,本科,8千-1.5万,3-4年,泰州
项目工程师,机械/设备/重工,敏硕环境科技（江苏）有限公司,本科,8千-1.5万,5-7年,太仓
日语营业,教育/培训/院校,威海联信智达职业培训学校有限公司,大专,5-7千·14薪,1年,烟台
健康管理师,房地产,重庆乐立森建筑工程有限公司,大专,4-6千,2年,重庆
采矿技术岗-合浦水泥,建筑/建材/工程,华润水泥投资有限公司,本科,5-9千,无需经验,北海
幼儿园教师（托班—大班）,教育/培训/院校,昆山加拿大外籍人员子女学校,本科,5-9千,2年,昆山
液压销售工程师,机械/设备/重工,邦贝液压机械（杭州）有限公司,本科,1-1.5万,2年,杭州
资深设计师,影视/媒体/艺术/文化传播,广东越视新传媒有限公司,本科,7-8.5千·13薪,3-4年,广州
装配技术员（高薪诚聘/双休/餐补）,电子技术/半导体/集成电路,宁波汇芯智能装备有限公司,中技/中专,5-9千,3-4年,宁波
市场部助理,石油/化工/矿产/地质,贝碧欧美术颜料（昆山）有限公司,大专,3-6千,3-4年,昆山
Ansible运维开发,计算机软件,深圳市网新新思软件有限公司,大专,1.6-2.6万·13薪,5-7年,深圳
临床协调员CRC（济南）,制药/生物工程,百试达（上海）医药科技股份有限公司,本科,6-7千·13薪,无需经验,济南
SAP运维工程师 PP,计算机服务(系统、数据服务、维修),斯帝芬尼信息科技（吉林）有限公司,本科,8千-1.5万,2年,大连
装配技术员（高薪诚聘/双休/餐补）,电子技术/半导体/集成电路,宁波汇芯智能装备有限公司,中技/中专,5-9千,3-4年,宁波
Ansible运维开发,计算机软件,深圳市网新新思软件有限公司,大专,1.6-2.6万·13薪,5-7年,深圳
临床协调员CRC（济南）,制药/生物工程,百试达（上海）医药科技股份有限公司,本科,6-7千·13薪,无需经验,济南
文案策划,影视/媒体/艺术/文化传播,广东越视新传媒有限公司,本科,6-7千·13薪,1年,广州
SAP运维工程师 PP,计算机服务(系统、数据服务、维修),斯帝芬尼信息科技（吉林）有限公司,本科,8千-1.5万,2年,大连
技术研发工程师,原材料和加工,湖北卫汉装备科技有限公司,本科,7千-1万,1年,武汉
工程师,计算机软件,深圳市旗文众邦电子有限公司,,7千-1万,1年,深圳
活动执行专员,影视/媒体/艺术/文化传播,广东越视新传媒有限公司,大专,5-6.5千·13薪,2年,广州
SAP运维工程师 PP,计算机服务(系统、数据服务、维修),斯帝芬尼信息科技（吉林）有限公司,本科,8千-1.5万,2年,大连
早教幼师能教会销不止过万,教育/培训/院校,南昌市前景教育咨询有限公司,中技/中专,6千-1.2万,2年,南昌
大水磨,电子技术/半导体/集成电路,苏州纳思特精密机械有限公司,高中,6-7.2千,3-4年,苏州
前台接待,建筑/建材/工程,上海兴日建筑工程有限公司,大专,5-8千,3-4年,上海
全盘会计,建筑/建材/工程,深圳欧美特地坪工程有限公司,大专,5-8千,2年,深圳
产品质量工程师,电子技术/半导体/集成电路,TCL商用信息科技（惠州）有限责任公司,大专,1-1.5万·13薪,5-7年,惠州
安全员（社保包吃住）,建筑/建材/工程,陕西海天九龙建筑工程有限公司,大专,5-7千·13薪,3-4年,西安
胶瓶工程师,快速消费品(食品、饮料、化妆品),广州欧博化妆品有限公司,高中,1-1.3万,3-4年,肇庆
工程资料员（地基总包资料员）,建筑/建材/工程,深圳市穿山甲工程技术有限公司,大专,8千-1万,3-4年,深圳
OE技术支持/配套技术管理,汽车零配件,上海韩泰轮胎销售有限公司,本科,7-9千·15薪,1年,上海
资深前端工程师,建筑/建材/工程,重庆数维空间建筑科技有限公司,本科,1.5-2.5万,5-7年,重庆
欧派、金牌全屋定制设计师+直招,批发/零售,百安居（上海）商贸有限公司,大专,1-1.5万,2年,上海
安全员（社保包吃住）,建筑/建材/工程,陕西海天九龙建筑工程有限公司,大专,5-7千·13薪,3-4年,西安
胶瓶工程师,快速消费品(食品、饮料、化妆品),广州欧博化妆品有限公司,高中,1-1.3万,3-4年,肇庆
工程资料员（地基总包资料员）,建筑/建材/工程,深圳市穿山甲工程技术有限公司,大专,8千-1万,3-4年,深圳
OE技术支持/配套技术管理,汽车零配件,上海韩泰轮胎销售有限公司,本科,7-9千·15薪,1年,上海
资深前端工程师,建筑/建材/工程,重庆数维空间建筑科技有限公司,本科,1.5-2.5万,5-7年,重庆
胶瓶工程师,快速消费品(食品、饮料、化妆品),广州欧博化妆品有限公司,高中,1-1.3万,3-4年,肇庆
欧派、金牌全屋定制设计师+直招,批发/零售,百安居（上海）商贸有限公司,大专,1-1.5万,2年,上海
营销战略（偏数据分析）,汽车零配件,上海韩泰轮胎销售有限公司,本科,7.5-9千·15薪,无需经验,上海
技术主管（后端/全栈）,建筑/建材/工程,重庆数维空间建筑科技有限公司,本科,1.5-3万·13薪,5-7年,重庆
建材销售（杨浦店）,家居/室内设计/装潢,上海百安居建材超市有限公司,初中及以下,8千-1.5万,1年,上海
全屋定制设计师,批发/零售,百安居（上海）商贸有限公司,高中,5千-1万,3-4年,上海
幕墙BIM工程师,建筑/建材/工程,浙江亚厦幕墙有限公司,本科,6-8千,2年,广州
检测工程师,石油/化工/矿产/地质,洋紫荆油墨（浙江）有限公司,大专,5千-1万·13薪,1年,中山
仓库文员,建筑/建材/工程,广东满鑫工程机械有限公司,中技/中专,3.8-5千,1年,肇庆
高薪急招地板城市营销经理,批发/零售,百安居（上海）商贸有限公司,大专,1.5-3万,3-4年,上海
商务专员,制药/生物工程,江西国化实业有限公司,本科,8千-1.5万,无需经验,抚州
移民顾问,金融/投资/证券,亨瑞国际咨询集团,本科,1.5-2万,5-7年,武汉
抖音主播,计算机软件,苏州启博网络科技有限公司,,6-8千,1年,苏州
高薪急招瓷砖城市营销经理,批发/零售,百安居（上海）商贸有限公司,大专,1.5-3万,3-4年,上海
SAP运维工程师 MM,计算机服务(系统、数据服务、维修),斯帝芬尼信息科技（吉林）有限公司,本科,8千-1.5万,2年,大连
实验员,新能源,华翔翔能科技股份有限公司,大专,4-7千,3-4年,益阳
工艺工程师,电子技术/半导体/集成电路,南京京泽科技有限公司,本科,8千-1.1万,3-4年,南京
销售代表,电气/电力/水利,陕西天诚电气设备有限公司,大专,6-8千,无需经验,西安
门窗项目经理-金鹏筑工集团,建筑/建材/工程,安徽金鹏住宅产业化示范园管理有限公司,大专,8千-1.2万,3-4年,滁州
SAP 运维工程师 FICO,计算机服务(系统、数据服务、维修),斯帝芬尼信息科技（吉林）有限公司,本科,8千-1.5万,2年,大连
数字IC验证工程师,电子技术/半导体/集成电路,深圳深蕾科技股份有限公司,本科,40-80万/年,5-7年,成都
销售内勤,医疗设备/器械,上海汉伟医疗器械有限公司,大专,4.5-6千,无需经验,上海
自控工程师,电气/电力/水利,江阴百士特自动化系统工程有限公司,中技/中专,8千-1.5万·13薪,3-4年,无锡
储能电站运维主管,新能源,众树（广州）碳资产投资咨询有限公司,本科,9千-1.2万,3-4年,广州
销售经理/主管（户外地板）,农/林/牧/渔,佛山市林嘉科技有限责任公司,本科,1-1.8万·13薪,2年,佛山
销售经理,医疗设备/器械,昆明美瑾商贸有限公司,大专,7千-1.2万,1年,昆明
电气安装工程师,电气/电力/水利,江阴百士特自动化系统工程有限公司,中技/中专,4-8千,2年,无锡
销售经理,通信/电信运营、增值服务,深圳市华荣达通信技术有限公司,大专,8千-1万,1年,深圳
数字IC验证工程师,电子技术/半导体/集成电路,深圳深蕾科技股份有限公司,本科,40-80万/年,5-7年,深圳
医疗信息化产品销售,医疗设备/器械,昆明美瑾商贸有限公司,本科,7千-1.2万,1年,昆明
智能硬件产品经理/产品经理 (MJ060368),物业管理/商业中心,武汉市万科物业服务有限公司,本科,1.5-2.5万,3-4年,武汉
厨师助理/学徒,快速消费品(食品、饮料、化妆品),东莞市舞茶道餐饮管理连锁有限公司,中技/中专,4-5千,无需经验,东莞
数字IC验证工程师,电子技术/半导体/集成电路,深圳深蕾科技股份有限公司,本科,40-80万/年,5-7年,武汉
施工安全员（西安市及周边区县）,建筑/建材/工程,陕西海天九龙建筑工程有限公司,大专,5-7千·13薪,3-4年,西安
工艺工程师 (MJ000077),汽车,上海智驾汽车科技有限公司,大专,1.4-2.4万·14薪,3-4年,上海
小车司机,仪器仪表/工业自动化,常州捷卓智能科技有限公司,中技/中专,3.5-5千,3-4年,常州
招商主管,房地产,信鸿集团,大专,8千-1.5万,2年,东莞
游戏后端工程师,计算机软件,上海斓星网络科技有限公司,本科,1.5-2.4万·14薪,3-4年,上海
LCM模组维修助理工程师,电子技术/半导体/集成电路,华凌光电（常熟）有限公司,大专,8-9千,1年,常熟
初中物理老师月薪6000起,教育/培训/院校,南京文海艺术培训有限公司,本科,6千-1万,1年,南京
（花畔酒家项目）电工-强电,酒店/旅游,广州花园运营管理有限公司,中技/中专,4-5千,2年,广州
人事助理兼试衣,服装/纺织/皮革,深圳市台茗服装有限公司,大专,5-6千,1年,深圳
Operation Specialist,批发/零售,苹果贸易(上海)有限公司,大专,,1年,上海
营销市场副经理,快速消费品(食品、饮料、化妆品),上海太太乐食品有限公司广州分公司,本科,9千-1.5万·13薪,2年,广州
质检员,机械/设备/重工,苏州西捷克缓冲科技有限公司,高中,5-7千,3-4年,苏州
授薪律师（主任团队）,法律,四川法奥律师事务所,本科,6-8千,1年,成都
销售主管,航天/航空,上海美凯航空服务有限公司,本科,1-1.2万,3-4年,广州
数控车床工,机械/设备/重工,深圳市精朗联合科技有限公司,中技/中专,9千-1.2万,3-4年,深圳
采购,批发/零售,北京顶全便利店有限公司,本科,6.5-7.5千,1年,北京
三次元品管（蔡司）,机械/设备/重工,昆山市研通模具有限公司,高中,8千-1万,2年,昆山
ISP影像工程师,汽车零配件,深圳市宽动态科技有限公司,大专,1.5-2万,3-4年,深圳
境外会计,电子技术/半导体/集成电路,广州晶和光电科技有限公司,本科,7千-1万,2年,广州
生产跟单,原材料和加工,深圳市新联兴精密压铸有限公司,大专,6-8千,1年,深圳
影视后期,影视/媒体/艺术/文化传播,上海广频文化传播有限公司,本科,8千-1.5万,3-4年,上海
技术负责人,机械/设备/重工,上海长肯试验设备（集团）有限公司,大专,1-1.5万,5-7年,上海
